"행정구역","2020년_총인구수","2020년_세대수","2020년_세대당 인구","2020년_남자 인구수","2020년_여자 인구수","2020년_남여 비율","2021년_총인구수","2021년_세대수","2021년_세대당 인구","2021년_남자 인구수","2021년_여자 인구수","2021년_남여 비율","2022년_총인구수","2022년_세대수","2022년_세대당 인구","2022년_남자 인구수","2022년_여자 인구수","2022년_남여 비율","2023년_총인구수","2023년_세대수","2023년_세대당 인구","2023년_남자 인구수","2023년_여자 인구수","2023년_남여 비율","2024년_총인구수","2024년_세대수","2024년_세대당 인구","2024년_남자 인구수","2024년_여자 인구수","2024년_남여 비율","2025년_총인구수","2025년_세대수","2025년_세대당 인구","2025년_남자 인구수","2025년_여자 인구수","2025년_남여 비율"
"경기도 경기도 용인시 (4146000000)","1,074,176","420,519","          2.55","532,847","541,329","          0.98","1,077,508","429,492","          2.51","534,459","543,049","          0.98","1,074,971","432,151","          2.49","533,323","541,648","          0.98","1,075,566","435,340","          2.47","533,387","542,179","          0.98","1,085,864","443,702","          2.45","538,049","547,815","          0.98","1,091,186","448,730","          2.43","540,342","550,844","          0.98"
"경기도 경기도 용인시 처인구 (4146100000)","257,498","111,684","          2.31","131,974","125,524","          1.05","260,198","115,048","          2.26","133,503","126,695","          1.05","259,288","115,654","          2.24","133,113","126,175","          1.05","261,488","117,863","          2.22","134,289","127,199","          1.06","274,162","125,043","          2.19","140,423","133,739","          1.05","282,044","129,138","          2.18","144,280","137,764","          1.05"
"경기도 용인시 처인구 포곡읍(4146125000)","33,300","14,372","          2.32","17,230","16,070","          1.07","33,495","14,592","          2.30","17,300","16,195","          1.07","33,508","14,680","          2.28","17,302","16,206","          1.07","32,880","14,538","          2.26","16,989","15,891","          1.07","31,300","14,173","          2.21","16,189","15,111","          1.07","30,848","14,128","          2.18","15,939","14,909","          1.07"
"경기도 용인시 처인구 모현읍(4146125300)","26,202","11,783","          2.22","13,729","12,473","          1.10","27,119","12,407","          2.19","14,224","12,895","          1.10","26,726","12,333","          2.17","13,971","12,755","          1.10","26,287","12,242","          2.15","13,756","12,531","          1.10","27,529","13,017","          2.11","14,349","13,180","          1.09","34,384","15,822","          2.17","17,726","16,658","          1.06"
"경기도 용인시 처인구 이동읍(4146125600)","20,265","8,796","          2.30","10,372","9,893","          1.05","20,446","9,057","          2.26","10,468","9,978","          1.05","20,536","9,209","          2.23","10,545","9,991","          1.06","20,066","9,163","          2.19","10,337","9,729","          1.06","19,464","9,018","          2.16","10,029","9,435","          1.06","19,018","8,921","          2.13","9,773","9,245","          1.06"
"경기도 용인시 처인구 남사읍(4146125900)","0","0","          0.00","0","0","          0.00","23,904","9,873","          2.42","12,065","11,839","          1.02","23,713","9,844","          2.41","11,991","11,722","          1.02","23,881","10,011","          2.39","12,081","11,800","          1.02","23,644","9,986","          2.37","11,991","11,653","          1.03","23,561","9,999","          2.36","11,925","11,636","          1.02"
"경기도 용인시 처인구 남사면(4146132000)","23,547","9,759","          2.41","11,849","11,698","          1.01","","","","","","","","","","","","","","","","","","","","","","","","","","","","","",""
"경기도 용인시 처인구 원삼면(4146134000)","8,252","4,013","          2.06","4,302","3,950","          1.09","8,278","4,068","          2.03","4,305","3,973","          1.08","8,022","3,970","          2.02","4,187","3,835","          1.09","7,914","4,021","          1.97","4,147","3,767","          1.10","7,737","3,999","          1.93","4,049","3,688","          1.10","7,477","3,880","          1.93","3,930","3,547","          1.11"
"경기도 용인시 처인구 백암면(4146135000)","8,461","4,431","          1.91","4,561","3,900","          1.17","8,394","4,500","          1.87","4,555","3,839","          1.19","8,296","4,500","          1.84","4,518","3,778","          1.20","8,045","4,400","          1.83","4,370","3,675","          1.19","7,901","4,349","          1.82","4,263","3,638","          1.17","7,584","4,226","          1.79","4,143","3,441","          1.20"
"경기도 용인시 처인구 양지면(4146136000)","19,084","8,794","          2.17","10,131","8,953","          1.13","19,493","9,257","          2.11","10,363","9,130","          1.14","19,723","9,377","          2.10","10,509","9,214","          1.14","19,846","9,602","          2.07","10,603","9,243","          1.15","19,751","9,748","          2.03","10,459","9,292","          1.13","21,455","10,517","          2.04","11,255","10,200","          1.10"
"경기도 용인시 처인구 중앙동(4146151000)","24,635","11,758","          2.10","12,458","12,177","          1.02","25,010","12,250","          2.04","12,718","12,292","          1.03","25,046","12,411","          2.02","12,727","12,319","          1.03","24,848","12,433","          2.00","12,659","12,189","          1.04","26,751","13,418","          1.99","13,531","13,220","          1.02","26,885","13,588","          1.98","13,617","13,268","          1.03"
"경기도 용인시 처인구 역삼동(4146152000)","44,675","18,199","          2.45","22,398","22,277","          1.01","","","","","","","","","","","","","","","","","","","","","","","","","","","","","",""
"경기도 용인시 처인구 역북동(4146152500)","0","0","          0.00","0","0","          0.00","31,872","13,834","          2.30","16,097","15,775","          1.02","31,899","14,021","          2.28","16,123","15,776","          1.02","35,463","15,702","          2.26","17,863","17,600","          1.01","34,747","15,645","          2.22","17,503","17,244","          1.02","34,727","15,696","          2.21","17,526","17,201","          1.02"
"경기도 용인시 처인구 삼가동(4146152600)","0","0","          0.00","0","0","          0.00","12,637","4,840","          2.61","6,201","6,436","          0.96","12,527","4,854","          2.58","6,165","6,362","          0.97","12,359","4,826","          2.56","6,115","6,244","          0.98","12,053","4,774","          2.52","5,982","6,071","          0.99","11,941","4,767","          2.50","5,924","6,017","          0.98"
"경기도 용인시 처인구 유림동(4146153000)","35,949","13,925","          2.58","18,148","17,801","          1.02","36,320","14,339","          2.53","18,337","17,983","          1.02","36,134","14,402","          2.51","18,277","17,857","          1.02","37,133","14,924","          2.49","18,800","18,333","          1.03","50,982","20,942","          2.43","25,728","25,254","          1.02","","","","","",""
"경기도 용인시 처인구 유림1동(4146153500)","0","0","          0.00","0","0","          0.00","","","","","","","","","","","","","","","","","","","","","","","","","13,538","6,650","          2.04","6,902","6,636","          1.04"
"경기도 용인시 처인구 유림2동(4146153600)","0","0","          0.00","0","0","          0.00","","","","","","","","","","","","","","","","","","","","","","","","","38,396","14,906","          2.58","19,311","19,085","          1.01"
"경기도 용인시 처인구 동부동(4146154000)","13,128","5,854","          2.24","6,796","6,332","          1.07","13,230","6,031","          2.19","6,870","6,360","          1.08","13,158","6,053","          2.17","6,798","6,360","          1.07","12,766","6,001","          2.13","6,569","6,197","          1.06","12,303","5,974","          2.06","6,350","5,953","          1.07","12,230","6,038","          2.03","6,309","5,921","          1.07"
"경기도 경기도 용인시 기흥구 (4146300000)","440,835","169,979","          2.59","217,663","223,172","          0.98","441,742","173,844","          2.54","217,999","223,743","          0.97","438,235","174,294","          2.51","216,180","222,055","          0.97","436,656","174,971","          2.50","215,218","221,438","          0.97","436,351","176,278","          2.48","214,987","221,364","          0.97","435,048","177,169","          2.46","214,142","220,906","          0.97"
"경기도 용인시 기흥구 신갈동(4146351000)","38,844","15,976","          2.43","19,365","19,479","          0.99","38,287","16,134","          2.37","19,122","19,165","          1.00","37,875","16,121","          2.35","18,889","18,986","          0.99","37,241","16,117","          2.31","18,585","18,656","          1.00","36,624","16,006","          2.29","18,270","18,354","          1.00","36,201","16,005","          2.26","18,043","18,158","          0.99"
"경기도 용인시 기흥구 영덕1동(4146351600)","30,729","11,659","          2.64","15,271","15,458","          0.99","30,389","11,721","          2.59","15,116","15,273","          0.99","30,183","11,819","          2.55","15,008","15,175","          0.99","31,353","12,515","          2.51","15,546","15,807","          0.98","34,273","13,733","          2.50","16,950","17,323","          0.98","34,208","13,832","          2.47","16,968","17,240","          0.98"
"경기도 용인시 기흥구 영덕2동(4146351700)","17,623","7,104","          2.48","8,736","8,887","          0.98","17,504","7,214","          2.43","8,645","8,859","          0.98","17,428","7,225","          2.41","8,608","8,820","          0.98","19,199","7,913","          2.43","9,488","9,711","          0.98","19,232","7,935","          2.42","9,479","9,753","          0.97","19,137","7,954","          2.41","9,419","9,718","          0.97"
"경기도 용인시 기흥구 구갈동(4146352000)","42,070","17,811","          2.36","20,974","21,096","          0.99","41,715","18,097","          2.31","20,866","20,849","          1.00","41,361","18,118","          2.28","20,712","20,649","          1.00","41,015","18,110","          2.26","20,573","20,442","          1.01","40,300","18,049","          2.23","20,356","19,944","          1.02","39,961","18,017","          2.22","20,203","19,758","          1.02"
"경기도 용인시 기흥구 상갈동(4146353000)","13,432","6,155","          2.18","6,931","6,501","          1.07","13,188","6,165","          2.14","6,821","6,367","          1.07","13,176","6,229","          2.12","6,847","6,329","          1.08","12,896","6,182","          2.09","6,699","6,197","          1.08","12,584","6,102","          2.06","6,512","6,072","          1.07","12,481","6,120","          2.04","6,424","6,057","          1.06"
"경기도 용인시 기흥구 보라동(4146353500)","33,685","12,396","          2.72","16,723","16,962","          0.99","33,285","12,434","          2.68","16,450","16,835","          0.98","33,016","12,392","          2.66","16,265","16,751","          0.97","32,906","12,456","          2.64","16,228","16,678","          0.97","32,688","12,469","          2.62","16,131","16,557","          0.97","32,427","12,532","          2.59","16,009","16,418","          0.98"
"경기도 용인시 기흥구 기흥동(4146354000)","21,332","8,634","          2.47","10,546","10,786","          0.98","21,625","8,953","          2.42","10,718","10,907","          0.98","21,477","9,093","          2.36","10,666","10,811","          0.99","21,293","9,119","          2.34","10,567","10,726","          0.99","20,924","9,096","          2.30","10,363","10,561","          0.98","20,737","9,125","          2.27","10,275","10,462","          0.98"
"경기도 용인시 기흥구 서농동(4146355000)","25,962","11,374","          2.28","13,312","12,650","          1.05","26,296","11,960","          2.20","13,548","12,748","          1.06","26,056","11,947","          2.18","13,403","12,653","          1.06","25,240","11,317","          2.23","12,901","12,339","          1.05","25,005","11,242","          2.22","12,725","12,280","          1.04","24,552","10,993","          2.23","12,420","12,132","          1.02"
"경기도 용인시 기흥구 구성동(4146356000)","39,372","14,888","          2.64","19,040","20,332","          0.94","40,258","15,483","          2.60","19,418","20,840","          0.93","39,913","15,483","          2.58","19,254","20,659","          0.93","39,303","15,375","          2.56","18,926","20,377","          0.93","38,760","15,329","          2.53","18,635","20,125","          0.93","38,395","15,336","          2.50","18,408","19,987","          0.92"
"경기도 용인시 기흥구 마북동(4146357000)","32,392","12,193","          2.66","15,838","16,554","          0.96","32,008","12,323","          2.60","15,647","16,361","          0.96","31,675","12,303","          2.57","15,459","16,216","          0.95","31,449","12,272","          2.56","15,358","16,091","          0.95","33,564","13,114","          2.56","16,434","17,130","          0.96","33,584","13,157","          2.55","16,392","17,192","          0.95"
"경기도 용인시 기흥구 동백1동(4146357200)","33,055","11,508","          2.87","15,903","17,152","          0.93","32,702","11,633","          2.81","15,694","17,008","          0.92","32,460","11,667","          2.78","15,558","16,902","          0.92","32,023","11,656","          2.75","15,303","16,720","          0.92","31,398","11,591","          2.71","15,037","16,361","          0.92","30,995","11,598","          2.67","14,852","16,143","          0.92"
"경기도 용인시 기흥구 동백2동(4146357500)","27,235","9,140","          2.98","13,374","13,861","          0.96","27,264","9,350","          2.92","13,387","13,877","          0.96","27,077","9,437","          2.87","13,309","13,768","          0.97","26,894","9,450","          2.85","13,206","13,688","          0.96","26,490","9,433","          2.81","12,942","13,548","          0.96","26,164","9,412","          2.78","12,806","13,358","          0.96"
"경기도 용인시 기흥구 동백3동(4146357700)","23,521","8,592","          2.74","11,432","12,089","          0.95","26,473","9,815","          2.70","12,868","13,605","          0.95","26,850","10,024","          2.68","13,033","13,817","          0.94","26,898","10,114","          2.66","13,100","13,798","          0.95","26,823","10,125","          2.65","13,043","13,780","          0.95","27,271","10,381","          2.63","13,267","14,004","          0.95"
"경기도 용인시 기흥구 상하동(4146358600)","24,970","9,228","          2.71","12,220","12,750","          0.96","24,535","9,215","          2.66","11,937","12,598","          0.95","23,984","9,173","          2.61","11,648","12,336","          0.94","23,620","9,205","          2.57","11,467","12,153","          0.94","23,229","9,173","          2.53","11,261","11,968","          0.94","22,988","9,155","          2.51","11,079","11,909","          0.93"
"경기도 용인시 기흥구 보정동(4146359000)","36,613","13,321","          2.75","17,998","18,615","          0.97","36,213","13,347","          2.71","17,762","18,451","          0.96","35,704","13,263","          2.69","17,521","18,183","          0.96","35,326","13,170","          2.68","17,271","18,055","          0.96","34,457","12,881","          2.68","16,849","17,608","          0.96","35,947","13,552","          2.65","17,577","18,370","          0.96"
"경기도 경기도 용인시 수지구 (4146500000)","375,843","138,856","          2.71","183,210","192,633","          0.95","375,568","140,600","          2.67","182,957","192,611","          0.95","377,448","142,203","          2.65","184,030","193,418","          0.95","377,422","142,506","          2.65","183,880","193,542","          0.95","375,351","142,381","          2.64","182,639","192,712","          0.95","374,094","142,423","          2.63","181,920","192,174","          0.95"
"경기도 용인시 수지구 풍덕천1동(4146551000)","36,762","15,782","          2.33","18,307","18,455","          0.99","36,189","15,833","          2.29","18,038","18,151","          0.99","35,668","15,745","          2.27","17,850","17,818","          1.00","35,189","15,714","          2.24","17,627","17,562","          1.00","34,797","15,694","          2.22","17,359","17,438","          1.00","34,599","15,662","          2.21","17,284","17,315","          1.00"
"경기도 용인시 수지구 풍덕천2동(4146552000)","41,680","15,037","          2.77","20,442","21,238","          0.96","41,003","14,951","          2.74","20,175","20,828","          0.97","41,454","15,285","          2.71","20,336","21,118","          0.96","41,450","15,353","          2.70","20,362","21,088","          0.97","41,320","15,396","          2.68","20,351","20,969","          0.97","41,219","15,395","          2.68","20,287","20,932","          0.97"
"경기도 용인시 수지구 신봉동(4146553000)","38,172","13,429","          2.84","18,543","19,629","          0.94","37,827","13,407","          2.82","18,310","19,517","          0.94","40,816","14,627","          2.79","19,744","21,072","          0.94","41,317","14,765","          2.80","19,928","21,389","          0.93","41,248","14,740","          2.80","19,858","21,390","          0.93","41,065","14,748","          2.78","19,846","21,219","          0.94"
"경기도 용인시 수지구 죽전1동(4146554000)","56,882","21,007","          2.71","27,442","29,440","          0.93","29,168","10,732","          2.72","14,105","15,063","          0.94","28,673","10,713","          2.68","13,884","14,789","          0.94","28,433","10,701","          2.66","13,733","14,700","          0.93","28,162","10,709","          2.63","13,584","14,578","          0.93","28,969","11,066","          2.62","13,999","14,970","          0.94"
"경기도 용인시 수지구 죽전2동(4146555000)","18,533","7,557","          2.45","9,151","9,382","          0.98","18,387","7,703","          2.39","9,107","9,280","          0.98","18,178","7,681","          2.37","9,050","9,128","          0.99","18,003","7,651","          2.35","8,927","9,076","          0.98","17,805","7,625","          2.34","8,760","9,045","          0.97","17,110","7,155","          2.39","8,320","8,790","          0.95"
"경기도 용인시 수지구 죽전3동(4146555500)","0","0","          0.00","0","0","          0.00","27,063","10,656","          2.54","13,007","14,056","          0.93","26,717","10,683","          2.50","12,924","13,793","          0.94","26,584","10,719","          2.48","12,906","13,678","          0.94","26,441","10,801","          2.45","12,835","13,606","          0.94","26,294","10,920","          2.41","12,765","13,529","          0.94"
"경기도 용인시 수지구 동천동(4146556000)","49,521","18,877","          2.62","24,413","25,108","          0.97","49,723","19,117","          2.60","24,478","25,245","          0.97","50,642","19,487","          2.60","24,947","25,695","          0.97","50,793","19,507","          2.60","24,984","25,809","          0.97","50,597","19,515","          2.59","24,816","25,781","          0.96","50,787","19,711","          2.58","24,887","25,900","          0.96"
"경기도 용인시 수지구 상현1동(4146557000)","48,649","17,711","          2.75","23,535","25,114","          0.94","20,422","6,754","          3.02","9,775","10,647","          0.92","20,116","6,633","          3.03","9,635","10,481","          0.92","20,088","6,624","          3.03","9,649","10,439","          0.92","19,960","6,565","          3.04","9,597","10,363","          0.93","19,740","6,534","          3.02","9,413","10,327","          0.91"
"경기도 용인시 수지구 상현2동(4146558000)","34,092","11,698","          2.91","16,604","17,488","          0.95","33,287","11,528","          2.89","16,158","17,129","          0.94","32,922","11,427","          2.88","15,968","16,954","          0.94","33,110","11,491","          2.88","16,032","17,078","          0.94","32,874","11,443","          2.87","15,918","16,956","          0.94","32,659","11,413","          2.86","15,811","16,848","          0.94"
"경기도 용인시 수지구 상현3동(4146558500)","0","0","          0.00","0","0","          0.00","27,895","11,114","          2.51","13,488","14,407","          0.94","27,697","11,139","          2.49","13,374","14,323","          0.93","27,759","11,179","          2.48","13,408","14,351","          0.93","27,480","11,110","          2.47","13,241","14,239","          0.93","27,231","11,096","          2.45","13,133","14,098","          0.93"
"경기도 용인시 수지구 성복동(4146559000)","51,552","17,758","          2.90","24,773","26,779","          0.93","54,604","18,805","          2.90","26,316","28,288","          0.93","54,565","18,783","          2.91","26,318","28,247","          0.93","54,696","18,802","          2.91","26,324","28,372","          0.93","54,667","18,783","          2.91","26,320","28,347","          0.93","54,421","18,723","          2.91","26,175","28,246","          0.93"
