"행정구역","2020년_전년인구수_남자인구수","2020년_전년인구수_여자인구수","2020년_전년인구수_계","2020년_당년인구수_남자인구수","2020년_당년인구수_여자인구수","2020년_당년인구수_계","2020년_인구증감_남자인구수","2020년_인구증감_여자인구수","2020년_인구증감_계","2021년_전년인구수_남자인구수","2021년_전년인구수_여자인구수","2021년_전년인구수_계","2021년_당년인구수_남자인구수","2021년_당년인구수_여자인구수","2021년_당년인구수_계","2021년_인구증감_남자인구수","2021년_인구증감_여자인구수","2021년_인구증감_계","2022년_전년인구수_남자인구수","2022년_전년인구수_여자인구수","2022년_전년인구수_계","2022년_당년인구수_남자인구수","2022년_당년인구수_여자인구수","2022년_당년인구수_계","2022년_인구증감_남자인구수","2022년_인구증감_여자인구수","2022년_인구증감_계","2023년_전년인구수_남자인구수","2023년_전년인구수_여자인구수","2023년_전년인구수_계","2023년_당년인구수_남자인구수","2023년_당년인구수_여자인구수","2023년_당년인구수_계","2023년_인구증감_남자인구수","2023년_인구증감_여자인구수","2023년_인구증감_계","2024년_전년인구수_남자인구수","2024년_전년인구수_여자인구수","2024년_전년인구수_계","2024년_당년인구수_남자인구수","2024년_당년인구수_여자인구수","2024년_당년인구수_계","2024년_인구증감_남자인구수","2024년_인구증감_여자인구수","2024년_인구증감_계","2025년_전년인구수_남자인구수","2025년_전년인구수_여자인구수","2025년_전년인구수_계","2025년_당년인구수_남자인구수","2025년_당년인구수_여자인구수","2025년_당년인구수_계","2025년_인구증감_남자인구수","2025년_인구증감_여자인구수","2025년_인구증감_계"
"경기도 용인시 (4146000000)","525,946","533,663","1,059,609","532,847","541,329","1,074,176","6,901","7,666","14,567","532,847","541,329","1,074,176","534,459","543,049","1,077,508","1,612","1,720","3,332","534,459","543,049","1,077,508","533,323","541,648","1,074,971","-1,136","-1,401","-2,537","533,323","541,648","1,074,971","533,387","542,179","1,075,566","64","531","595","533,387","542,179","1,075,566","538,049","547,815","1,085,864","4,662","5,636","10,298","538,049","547,815","1,085,864","540,342","550,844","1,091,186","2,293","3,029","5,322"
"경기도 용인시 처인구 (4146100000)","130,034","123,862","253,896","131,974","125,524","257,498","1,940","1,662","3,602","131,974","125,524","257,498","133,503","126,695","260,198","1,529","1,171","2,700","133,503","126,695","260,198","133,113","126,175","259,288","-390","-520","-910","133,113","126,175","259,288","134,289","127,199","261,488","1,176","1,024","2,200","134,289","127,199","261,488","140,423","133,739","274,162","6,134","6,540","12,674","140,423","133,739","274,162","144,280","137,764","282,044","3,857","4,025","7,882"
"경기도 용인시 처인구 포곡읍(4146125000)","17,023","15,927","32,950","17,230","16,070","33,300","207","143","350","17,230","16,070","33,300","17,300","16,195","33,495","70","125","195","17,300","16,195","33,495","17,302","16,206","33,508","2","11","13","17,302","16,206","33,508","16,989","15,891","32,880","-313","-315","-628","16,989","15,891","32,880","16,189","15,111","31,300","-800","-780","-1,580","16,189","15,111","31,300","15,939","14,909","30,848","-250","-202","-452"
"경기도 용인시 처인구 모현읍(4146125300)","13,483","12,254","25,737","13,729","12,473","26,202","246","219","465","13,729","12,473","26,202","14,224","12,895","27,119","495","422","917","14,224","12,895","27,119","13,971","12,755","26,726","-253","-140","-393","13,971","12,755","26,726","13,756","12,531","26,287","-215","-224","-439","13,756","12,531","26,287","14,349","13,180","27,529","593","649","1,242","14,349","13,180","27,529","17,726","16,658","34,384","3,377","3,478","6,855"
"경기도 용인시 처인구 이동읍(4146125600)","10,306","9,870","20,176","10,372","9,893","20,265","66","23","89","10,372","9,893","20,265","10,468","9,978","20,446","96","85","181","10,468","9,978","20,446","10,545","9,991","20,536","77","13","90","10,545","9,991","20,536","10,337","9,729","20,066","-208","-262","-470","10,337","9,729","20,066","10,029","9,435","19,464","-308","-294","-602","10,029","9,435","19,464","9,773","9,245","19,018","-256","-190","-446"
"경기도 용인시 처인구 남사읍(4146125900)","0","0","0","0","0","0","0","0","0","0","0","0","12,065","11,839","23,904","12,065","11,839","23,904","12,065","11,839","23,904","11,991","11,722","23,713","-74","-117","-191","11,991","11,722","23,713","12,081","11,800","23,881","90","78","168","12,081","11,800","23,881","11,991","11,653","23,644","-90","-147","-237","11,991","11,653","23,644","11,925","11,636","23,561","-66","-17","-83"
"경기도 용인시 처인구 남사면(4146132000)","11,589","11,292","22,881","11,849","11,698","23,547","260","406","666","11,849","11,698","23,547","0","0","0","-11,849","-11,698","-23,547","0","0","0","0","0","0","0","0","0","0","0","0","0","0","0","0","0","0","0","0","0","0","0","0","0","0","0","0","0","0","0","0","0","0","0","0"
"경기도 용인시 처인구 원삼면(4146134000)","4,292","3,931","8,223","4,302","3,950","8,252","10","19","29","4,302","3,950","8,252","4,305","3,973","8,278","3","23","26","4,305","3,973","8,278","4,187","3,835","8,022","-118","-138","-256","4,187","3,835","8,022","4,147","3,767","7,914","-40","-68","-108","4,147","3,767","7,914","4,049","3,688","7,737","-98","-79","-177","4,049","3,688","7,737","3,930","3,547","7,477","-119","-141","-260"
"경기도 용인시 처인구 백암면(4146135000)","4,527","3,940","8,467","4,561","3,900","8,461","34","-40","-6","4,561","3,900","8,461","4,555","3,839","8,394","-6","-61","-67","4,555","3,839","8,394","4,518","3,778","8,296","-37","-61","-98","4,518","3,778","8,296","4,370","3,675","8,045","-148","-103","-251","4,370","3,675","8,045","4,263","3,638","7,901","-107","-37","-144","4,263","3,638","7,901","4,143","3,441","7,584","-120","-197","-317"
"경기도 용인시 처인구 양지면(4146136000)","9,722","8,723","18,445","10,131","8,953","19,084","409","230","639","10,131","8,953","19,084","10,363","9,130","19,493","232","177","409","10,363","9,130","19,493","10,509","9,214","19,723","146","84","230","10,509","9,214","19,723","10,603","9,243","19,846","94","29","123","10,603","9,243","19,846","10,459","9,292","19,751","-144","49","-95","10,459","9,292","19,751","11,255","10,200","21,455","796","908","1,704"
"경기도 용인시 처인구 중앙동(4146151000)","12,238","12,027","24,265","12,458","12,177","24,635","220","150","370","12,458","12,177","24,635","12,718","12,292","25,010","260","115","375","12,718","12,292","25,010","12,727","12,319","25,046","9","27","36","12,727","12,319","25,046","12,659","12,189","24,848","-68","-130","-198","12,659","12,189","24,848","13,531","13,220","26,751","872","1,031","1,903","13,531","13,220","26,751","13,617","13,268","26,885","86","48","134"
"경기도 용인시 처인구 역삼동(4146152000)","22,001","21,762","43,763","22,398","22,277","44,675","397","515","912","22,398","22,277","44,675","0","0","0","-22,398","-22,277","-44,675","0","0","0","0","0","0","0","0","0","0","0","0","0","0","0","0","0","0","0","0","0","0","0","0","0","0","0","0","0","0","0","0","0","0","0","0"
"경기도 용인시 처인구 역북동(4146152500)","0","0","0","0","0","0","0","0","0","0","0","0","16,097","15,775","31,872","16,097","15,775","31,872","16,097","15,775","31,872","16,123","15,776","31,899","26","1","27","16,123","15,776","31,899","17,863","17,600","35,463","1,740","1,824","3,564","17,863","17,600","35,463","17,503","17,244","34,747","-360","-356","-716","17,503","17,244","34,747","17,526","17,201","34,727","23","-43","-20"
"경기도 용인시 처인구 삼가동(4146152600)","0","0","0","0","0","0","0","0","0","0","0","0","6,201","6,436","12,637","6,201","6,436","12,637","6,201","6,436","12,637","6,165","6,362","12,527","-36","-74","-110","6,165","6,362","12,527","6,115","6,244","12,359","-50","-118","-168","6,115","6,244","12,359","5,982","6,071","12,053","-133","-173","-306","5,982","6,071","12,053","5,924","6,017","11,941","-58","-54","-112"
"경기도 용인시 처인구 유림동(4146153000)","18,011","17,697","35,708","18,148","17,801","35,949","137","104","241","18,148","17,801","35,949","18,337","17,983","36,320","189","182","371","18,337","17,983","36,320","18,277","17,857","36,134","-60","-126","-186","18,277","17,857","36,134","18,800","18,333","37,133","523","476","999","18,800","18,333","37,133","25,728","25,254","50,982","6,928","6,921","13,849","25,728","25,254","50,982","0","0","0","-25,728","-25,254","-50,982"
"경기도 용인시 처인구 유림1동(4146153500)","0","0","0","0","0","0","0","0","0","0","0","0","0","0","0","0","0","0","0","0","0","0","0","0","0","0","0","0","0","0","0","0","0","0","0","0","0","0","0","0","0","0","0","0","0","0","0","0","6,902","6,636","13,538","6,902","6,636","13,538"
"경기도 용인시 처인구 유림2동(4146153600)","0","0","0","0","0","0","0","0","0","0","0","0","0","0","0","0","0","0","0","0","0","0","0","0","0","0","0","0","0","0","0","0","0","0","0","0","0","0","0","0","0","0","0","0","0","0","0","0","19,311","19,085","38,396","19,311","19,085","38,396"
"경기도 용인시 처인구 동부동(4146154000)","6,842","6,439","13,281","6,796","6,332","13,128","-46","-107","-153","6,796","6,332","13,128","6,870","6,360","13,230","74","28","102","6,870","6,360","13,230","6,798","6,360","13,158","-72","0","-72","6,798","6,360","13,158","6,569","6,197","12,766","-229","-163","-392","6,569","6,197","12,766","6,350","5,953","12,303","-219","-244","-463","6,350","5,953","12,303","6,309","5,921","12,230","-41","-32","-73"
"경기도 용인시 기흥구 (4146300000)","215,796","220,883","436,679","217,663","223,172","440,835","1,867","2,289","4,156","217,663","223,172","440,835","217,999","223,743","441,742","336","571","907","217,999","223,743","441,742","216,180","222,055","438,235","-1,819","-1,688","-3,507","216,180","222,055","438,235","215,218","221,438","436,656","-962","-617","-1,579","215,218","221,438","436,656","214,987","221,364","436,351","-231","-74","-305","214,987","221,364","436,351","214,142","220,906","435,048","-845","-458","-1,303"
"경기도 용인시 기흥구 신갈동(4146351000)","19,472","19,481","38,953","19,365","19,479","38,844","-107","-2","-109","19,365","19,479","38,844","19,122","19,165","38,287","-243","-314","-557","19,122","19,165","38,287","18,889","18,986","37,875","-233","-179","-412","18,889","18,986","37,875","18,585","18,656","37,241","-304","-330","-634","18,585","18,656","37,241","18,270","18,354","36,624","-315","-302","-617","18,270","18,354","36,624","18,043","18,158","36,201","-227","-196","-423"
"경기도 용인시 기흥구 영덕동(4146351500)","23,328","23,685","47,013","0","0","0","-23,328","-23,685","-47,013","0","0","0","0","0","0","0","0","0","0","0","0","0","0","0","0","0","0","0","0","0","0","0","0","0","0","0","0","0","0","0","0","0","0","0","0","0","0","0","0","0","0","0","0","0"
"경기도 용인시 기흥구 영덕1동(4146351600)","0","0","0","15,271","15,458","30,729","15,271","15,458","30,729","15,271","15,458","30,729","15,116","15,273","30,389","-155","-185","-340","15,116","15,273","30,389","15,008","15,175","30,183","-108","-98","-206","15,008","15,175","30,183","15,546","15,807","31,353","538","632","1,170","15,546","15,807","31,353","16,950","17,323","34,273","1,404","1,516","2,920","16,950","17,323","34,273","16,968","17,240","34,208","18","-83","-65"
"경기도 용인시 기흥구 영덕2동(4146351700)","0","0","0","8,736","8,887","17,623","8,736","8,887","17,623","8,736","8,887","17,623","8,645","8,859","17,504","-91","-28","-119","8,645","8,859","17,504","8,608","8,820","17,428","-37","-39","-76","8,608","8,820","17,428","9,488","9,711","19,199","880","891","1,771","9,488","9,711","19,199","9,479","9,753","19,232","-9","42","33","9,479","9,753","19,232","9,419","9,718","19,137","-60","-35","-95"
"경기도 용인시 기흥구 구갈동(4146352000)","21,016","21,082","42,098","20,974","21,096","42,070","-42","14","-28","20,974","21,096","42,070","20,866","20,849","41,715","-108","-247","-355","20,866","20,849","41,715","20,712","20,649","41,361","-154","-200","-354","20,712","20,649","41,361","20,573","20,442","41,015","-139","-207","-346","20,573","20,442","41,015","20,356","19,944","40,300","-217","-498","-715","20,356","19,944","40,300","20,203","19,758","39,961","-153","-186","-339"
"경기도 용인시 기흥구 상갈동(4146353000)","23,549","23,284","46,833","6,931","6,501","13,432","-16,618","-16,783","-33,401","6,931","6,501","13,432","6,821","6,367","13,188","-110","-134","-244","6,821","6,367","13,188","6,847","6,329","13,176","26","-38","-12","6,847","6,329","13,176","6,699","6,197","12,896","-148","-132","-280","6,699","6,197","12,896","6,512","6,072","12,584","-187","-125","-312","6,512","6,072","12,584","6,424","6,057","12,481","-88","-15","-103"
"경기도 용인시 기흥구 보라동(4146353500)","0","0","0","16,723","16,962","33,685","16,723","16,962","33,685","16,723","16,962","33,685","16,450","16,835","33,285","-273","-127","-400","16,450","16,835","33,285","16,265","16,751","33,016","-185","-84","-269","16,265","16,751","33,016","16,228","16,678","32,906","-37","-73","-110","16,228","16,678","32,906","16,131","16,557","32,688","-97","-121","-218","16,131","16,557","32,688","16,009","16,418","32,427","-122","-139","-261"
"경기도 용인시 기흥구 기흥동(4146354000)","10,448","10,600","21,048","10,546","10,786","21,332","98","186","284","10,546","10,786","21,332","10,718","10,907","21,625","172","121","293","10,718","10,907","21,625","10,666","10,811","21,477","-52","-96","-148","10,666","10,811","21,477","10,567","10,726","21,293","-99","-85","-184","10,567","10,726","21,293","10,363","10,561","20,924","-204","-165","-369","10,363","10,561","20,924","10,275","10,462","20,737","-88","-99","-187"
"경기도 용인시 기흥구 서농동(4146355000)","12,931","12,434","25,365","13,312","12,650","25,962","381","216","597","13,312","12,650","25,962","13,548","12,748","26,296","236","98","334","13,548","12,748","26,296","13,403","12,653","26,056","-145","-95","-240","13,403","12,653","26,056","12,901","12,339","25,240","-502","-314","-816","12,901","12,339","25,240","12,725","12,280","25,005","-176","-59","-235","12,725","12,280","25,005","12,420","12,132","24,552","-305","-148","-453"
"경기도 용인시 기흥구 구성동(4146356000)","19,173","20,388","39,561","19,040","20,332","39,372","-133","-56","-189","19,040","20,332","39,372","19,418","20,840","40,258","378","508","886","19,418","20,840","40,258","19,254","20,659","39,913","-164","-181","-345","19,254","20,659","39,913","18,926","20,377","39,303","-328","-282","-610","18,926","20,377","39,303","18,635","20,125","38,760","-291","-252","-543","18,635","20,125","38,760","18,408","19,987","38,395","-227","-138","-365"
"경기도 용인시 기흥구 마북동(4146357000)","15,834","16,485","32,319","15,838","16,554","32,392","4","69","73","15,838","16,554","32,392","15,647","16,361","32,008","-191","-193","-384","15,647","16,361","32,008","15,459","16,216","31,675","-188","-145","-333","15,459","16,216","31,675","15,358","16,091","31,449","-101","-125","-226","15,358","16,091","31,449","16,434","17,130","33,564","1,076","1,039","2,115","16,434","17,130","33,564","16,392","17,192","33,584","-42","62","20"
"경기도 용인시 기흥구 동백1동(4146357200)","0","0","0","15,903","17,152","33,055","15,903","17,152","33,055","15,903","17,152","33,055","15,694","17,008","32,702","-209","-144","-353","15,694","17,008","32,702","15,558","16,902","32,460","-136","-106","-242","15,558","16,902","32,460","15,303","16,720","32,023","-255","-182","-437","15,303","16,720","32,023","15,037","16,361","31,398","-266","-359","-625","15,037","16,361","31,398","14,852","16,143","30,995","-185","-218","-403"
"경기도 용인시 기흥구 동백2동(4146357500)","0","0","0","13,374","13,861","27,235","13,374","13,861","27,235","13,374","13,861","27,235","13,387","13,877","27,264","13","16","29","13,387","13,877","27,264","13,309","13,768","27,077","-78","-109","-187","13,309","13,768","27,077","13,206","13,688","26,894","-103","-80","-183","13,206","13,688","26,894","12,942","13,548","26,490","-264","-140","-404","12,942","13,548","26,490","12,806","13,358","26,164","-136","-190","-326"
"경기도 용인시 기흥구 동백3동(4146357700)","0","0","0","11,432","12,089","23,521","11,432","12,089","23,521","11,432","12,089","23,521","12,868","13,605","26,473","1,436","1,516","2,952","12,868","13,605","26,473","13,033","13,817","26,850","165","212","377","13,033","13,817","26,850","13,100","13,798","26,898","67","-19","48","13,100","13,798","26,898","13,043","13,780","26,823","-57","-18","-75","13,043","13,780","26,823","13,267","14,004","27,271","224","224","448"
"경기도 용인시 기흥구 동백동(4146358500)","40,267","42,310","82,577","0","0","0","-40,267","-42,310","-82,577","0","0","0","0","0","0","0","0","0","0","0","0","0","0","0","0","0","0","0","0","0","0","0","0","0","0","0","0","0","0","0","0","0","0","0","0","0","0","0","0","0","0","0","0","0"
"경기도 용인시 기흥구 상하동(4146358600)","12,151","12,723","24,874","12,220","12,750","24,970","69","27","96","12,220","12,750","24,970","11,937","12,598","24,535","-283","-152","-435","11,937","12,598","24,535","11,648","12,336","23,984","-289","-262","-551","11,648","12,336","23,984","11,467","12,153","23,620","-181","-183","-364","11,467","12,153","23,620","11,261","11,968","23,229","-206","-185","-391","11,261","11,968","23,229","11,079","11,909","22,988","-182","-59","-241"
"경기도 용인시 기흥구 보정동(4146359000)","17,627","18,411","36,038","17,998","18,615","36,613","371","204","575","17,998","18,615","36,613","17,762","18,451","36,213","-236","-164","-400","17,762","18,451","36,213","17,521","18,183","35,704","-241","-268","-509","17,521","18,183","35,704","17,271","18,055","35,326","-250","-128","-378","17,271","18,055","35,326","16,849","17,608","34,457","-422","-447","-869","16,849","17,608","34,457","17,577","18,370","35,947","728","762","1,490"
"경기도 용인시 수지구 (4146500000)","180,116","188,918","369,034","183,210","192,633","375,843","3,094","3,715","6,809","183,210","192,633","375,843","182,957","192,611","375,568","-253","-22","-275","182,957","192,611","375,568","184,030","193,418","377,448","1,073","807","1,880","184,030","193,418","377,448","183,880","193,542","377,422","-150","124","-26","183,880","193,542","377,422","182,639","192,712","375,351","-1,241","-830","-2,071","182,639","192,712","375,351","181,920","192,174","374,094","-719","-538","-1,257"
"경기도 용인시 수지구 풍덕천1동(4146551000)","18,005","18,002","36,007","18,307","18,455","36,762","302","453","755","18,307","18,455","36,762","18,038","18,151","36,189","-269","-304","-573","18,038","18,151","36,189","17,850","17,818","35,668","-188","-333","-521","17,850","17,818","35,668","17,627","17,562","35,189","-223","-256","-479","17,627","17,562","35,189","17,359","17,438","34,797","-268","-124","-392","17,359","17,438","34,797","17,284","17,315","34,599","-75","-123","-198"
"경기도 용인시 수지구 풍덕천2동(4146552000)","20,605","21,465","42,070","20,442","21,238","41,680","-163","-227","-390","20,442","21,238","41,680","20,175","20,828","41,003","-267","-410","-677","20,175","20,828","41,003","20,336","21,118","41,454","161","290","451","20,336","21,118","41,454","20,362","21,088","41,450","26","-30","-4","20,362","21,088","41,450","20,351","20,969","41,320","-11","-119","-130","20,351","20,969","41,320","20,287","20,932","41,219","-64","-37","-101"
"경기도 용인시 수지구 신봉동(4146553000)","18,438","19,477","37,915","18,543","19,629","38,172","105","152","257","18,543","19,629","38,172","18,310","19,517","37,827","-233","-112","-345","18,310","19,517","37,827","19,744","21,072","40,816","1,434","1,555","2,989","19,744","21,072","40,816","19,928","21,389","41,317","184","317","501","19,928","21,389","41,317","19,858","21,390","41,248","-70","1","-69","19,858","21,390","41,248","19,846","21,219","41,065","-12","-171","-183"
"경기도 용인시 수지구 죽전1동(4146554000)","27,705","29,451","57,156","27,442","29,440","56,882","-263","-11","-274","27,442","29,440","56,882","14,105","15,063","29,168","-13,337","-14,377","-27,714","14,105","15,063","29,168","13,884","14,789","28,673","-221","-274","-495","13,884","14,789","28,673","13,733","14,700","28,433","-151","-89","-240","13,733","14,700","28,433","13,584","14,578","28,162","-149","-122","-271","13,584","14,578","28,162","13,999","14,970","28,969","415","392","807"
"경기도 용인시 수지구 죽전2동(4146555000)","9,241","9,444","18,685","9,151","9,382","18,533","-90","-62","-152","9,151","9,382","18,533","9,107","9,280","18,387","-44","-102","-146","9,107","9,280","18,387","9,050","9,128","18,178","-57","-152","-209","9,050","9,128","18,178","8,927","9,076","18,003","-123","-52","-175","8,927","9,076","18,003","8,760","9,045","17,805","-167","-31","-198","8,760","9,045","17,805","8,320","8,790","17,110","-440","-255","-695"
"경기도 용인시 수지구 죽전3동(4146555500)","0","0","0","0","0","0","0","0","0","0","0","0","13,007","14,056","27,063","13,007","14,056","27,063","13,007","14,056","27,063","12,924","13,793","26,717","-83","-263","-346","12,924","13,793","26,717","12,906","13,678","26,584","-18","-115","-133","12,906","13,678","26,584","12,835","13,606","26,441","-71","-72","-143","12,835","13,606","26,441","12,765","13,529","26,294","-70","-77","-147"
"경기도 용인시 수지구 동천동(4146556000)","22,613","23,329","45,942","24,413","25,108","49,521","1,800","1,779","3,579","24,413","25,108","49,521","24,478","25,245","49,723","65","137","202","24,478","25,245","49,723","24,947","25,695","50,642","469","450","919","24,947","25,695","50,642","24,984","25,809","50,793","37","114","151","24,984","25,809","50,793","24,816","25,781","50,597","-168","-28","-196","24,816","25,781","50,597","24,887","25,900","50,787","71","119","190"
"경기도 용인시 수지구 상현1동(4146557000)","23,736","25,173","48,909","23,535","25,114","48,649","-201","-59","-260","23,535","25,114","48,649","9,775","10,647","20,422","-13,760","-14,467","-28,227","9,775","10,647","20,422","9,635","10,481","20,116","-140","-166","-306","9,635","10,481","20,116","9,649","10,439","20,088","14","-42","-28","9,649","10,439","20,088","9,597","10,363","19,960","-52","-76","-128","9,597","10,363","19,960","9,413","10,327","19,740","-184","-36","-220"
"경기도 용인시 수지구 상현2동(4146558000)","16,626","17,515","34,141","16,604","17,488","34,092","-22","-27","-49","16,604","17,488","34,092","16,158","17,129","33,287","-446","-359","-805","16,158","17,129","33,287","15,968","16,954","32,922","-190","-175","-365","15,968","16,954","32,922","16,032","17,078","33,110","64","124","188","16,032","17,078","33,110","15,918","16,956","32,874","-114","-122","-236","15,918","16,956","32,874","15,811","16,848","32,659","-107","-108","-215"
"경기도 용인시 수지구 상현3동(4146558500)","0","0","0","0","0","0","0","0","0","0","0","0","13,488","14,407","27,895","13,488","14,407","27,895","13,488","14,407","27,895","13,374","14,323","27,697","-114","-84","-198","13,374","14,323","27,697","13,408","14,351","27,759","34","28","62","13,408","14,351","27,759","13,241","14,239","27,480","-167","-112","-279","13,241","14,239","27,480","13,133","14,098","27,231","-108","-141","-249"
"경기도 용인시 수지구 성복동(4146559000)","23,147","25,062","48,209","24,773","26,779","51,552","1,626","1,717","3,343","24,773","26,779","51,552","26,316","28,288","54,604","1,543","1,509","3,052","26,316","28,288","54,604","26,318","28,247","54,565","2","-41","-39","26,318","28,247","54,565","26,324","28,372","54,696","6","125","131","26,324","28,372","54,696","26,320","28,347","54,667","-4","-25","-29","26,320","28,347","54,667","26,175","28,246","54,421","-145","-101","-246"
