"행정구역","2020년_계_총인구수","2020년_계_연령구간인구수","2020년_계_0~9세","2020년_계_10~19세","2020년_계_20~29세","2020년_계_30~39세","2020년_계_40~49세","2020년_계_50~59세","2020년_계_60~69세","2020년_계_70~79세","2020년_계_80~89세","2020년_계_90~99세","2020년_계_100세 이상","2020년_남_총인구수","2020년_남_연령구간인구수","2020년_남_0~9세","2020년_남_10~19세","2020년_남_20~29세","2020년_남_30~39세","2020년_남_40~49세","2020년_남_50~59세","2020년_남_60~69세","2020년_남_70~79세","2020년_남_80~89세","2020년_남_90~99세","2020년_남_100세 이상","2020년_여_총인구수","2020년_여_연령구간인구수","2020년_여_0~9세","2020년_여_10~19세","2020년_여_20~29세","2020년_여_30~39세","2020년_여_40~49세","2020년_여_50~59세","2020년_여_60~69세","2020년_여_70~79세","2020년_여_80~89세","2020년_여_90~99세","2020년_여_100세 이상","2021년_계_총인구수","2021년_계_연령구간인구수","2021년_계_0~9세","2021년_계_10~19세","2021년_계_20~29세","2021년_계_30~39세","2021년_계_40~49세","2021년_계_50~59세","2021년_계_60~69세","2021년_계_70~79세","2021년_계_80~89세","2021년_계_90~99세","2021년_계_100세 이상","2021년_남_총인구수","2021년_남_연령구간인구수","2021년_남_0~9세","2021년_남_10~19세","2021년_남_20~29세","2021년_남_30~39세","2021년_남_40~49세","2021년_남_50~59세","2021년_남_60~69세","2021년_남_70~79세","2021년_남_80~89세","2021년_남_90~99세","2021년_남_100세 이상","2021년_여_총인구수","2021년_여_연령구간인구수","2021년_여_0~9세","2021년_여_10~19세","2021년_여_20~29세","2021년_여_30~39세","2021년_여_40~49세","2021년_여_50~59세","2021년_여_60~69세","2021년_여_70~79세","2021년_여_80~89세","2021년_여_90~99세","2021년_여_100세 이상","2022년_계_총인구수","2022년_계_연령구간인구수","2022년_계_0~9세","2022년_계_10~19세","2022년_계_20~29세","2022년_계_30~39세","2022년_계_40~49세","2022년_계_50~59세","2022년_계_60~69세","2022년_계_70~79세","2022년_계_80~89세","2022년_계_90~99세","2022년_계_100세 이상","2022년_남_총인구수","2022년_남_연령구간인구수","2022년_남_0~9세","2022년_남_10~19세","2022년_남_20~29세","2022년_남_30~39세","2022년_남_40~49세","2022년_남_50~59세","2022년_남_60~69세","2022년_남_70~79세","2022년_남_80~89세","2022년_남_90~99세","2022년_남_100세 이상","2022년_여_총인구수","2022년_여_연령구간인구수","2022년_여_0~9세","2022년_여_10~19세","2022년_여_20~29세","2022년_여_30~39세","2022년_여_40~49세","2022년_여_50~59세","2022년_여_60~69세","2022년_여_70~79세","2022년_여_80~89세","2022년_여_90~99세","2022년_여_100세 이상","2023년_계_총인구수","2023년_계_연령구간인구수","2023년_계_0~9세","2023년_계_10~19세","2023년_계_20~29세","2023년_계_30~39세","2023년_계_40~49세","2023년_계_50~59세","2023년_계_60~69세","2023년_계_70~79세","2023년_계_80~89세","2023년_계_90~99세","2023년_계_100세 이상","2023년_남_총인구수","2023년_남_연령구간인구수","2023년_남_0~9세","2023년_남_10~19세","2023년_남_20~29세","2023년_남_30~39세","2023년_남_40~49세","2023년_남_50~59세","2023년_남_60~69세","2023년_남_70~79세","2023년_남_80~89세","2023년_남_90~99세","2023년_남_100세 이상","2023년_여_총인구수","2023년_여_연령구간인구수","2023년_여_0~9세","2023년_여_10~19세","2023년_여_20~29세","2023년_여_30~39세","2023년_여_40~49세","2023년_여_50~59세","2023년_여_60~69세","2023년_여_70~79세","2023년_여_80~89세","2023년_여_90~99세","2023년_여_100세 이상","2024년_계_총인구수","2024년_계_연령구간인구수","2024년_계_0~9세","2024년_계_10~19세","2024년_계_20~29세","2024년_계_30~39세","2024년_계_40~49세","2024년_계_50~59세","2024년_계_60~69세","2024년_계_70~79세","2024년_계_80~89세","2024년_계_90~99세","2024년_계_100세 이상","2024년_남_총인구수","2024년_남_연령구간인구수","2024년_남_0~9세","2024년_남_10~19세","2024년_남_20~29세","2024년_남_30~39세","2024년_남_40~49세","2024년_남_50~59세","2024년_남_60~69세","2024년_남_70~79세","2024년_남_80~89세","2024년_남_90~99세","2024년_남_100세 이상","2024년_여_총인구수","2024년_여_연령구간인구수","2024년_여_0~9세","2024년_여_10~19세","2024년_여_20~29세","2024년_여_30~39세","2024년_여_40~49세","2024년_여_50~59세","2024년_여_60~69세","2024년_여_70~79세","2024년_여_80~89세","2024년_여_90~99세","2024년_여_100세 이상","2025년_계_총인구수","2025년_계_연령구간인구수","2025년_계_0~9세","2025년_계_10~19세","2025년_계_20~29세","2025년_계_30~39세","2025년_계_40~49세","2025년_계_50~59세","2025년_계_60~69세","2025년_계_70~79세","2025년_계_80~89세","2025년_계_90~99세","2025년_계_100세 이상","2025년_남_총인구수","2025년_남_연령구간인구수","2025년_남_0~9세","2025년_남_10~19세","2025년_남_20~29세","2025년_남_30~39세","2025년_남_40~49세","2025년_남_50~59세","2025년_남_60~69세","2025년_남_70~79세","2025년_남_80~89세","2025년_남_90~99세","2025년_남_100세 이상","2025년_여_총인구수","2025년_여_연령구간인구수","2025년_여_0~9세","2025년_여_10~19세","2025년_여_20~29세","2025년_여_30~39세","2025년_여_40~49세","2025년_여_50~59세","2025년_여_60~69세","2025년_여_70~79세","2025년_여_80~89세","2025년_여_90~99세","2025년_여_100세 이상"
"경기도 용인시 (4146000000)","1,074,176","1,074,176","100,771","121,165","137,762","145,303","200,015","165,072","106,264","65,624","27,806","4,189","205","532,847","532,847","51,507","62,194","71,344","71,746","98,833","83,930","50,673","29,896","11,564","1,123","37","541,329","541,329","49,264","58,971","66,418","73,557","101,182","81,142","55,591","35,728","16,242","3,066","168","1,077,508","1,077,508","94,607","120,420","137,886","140,537","197,392","171,534","114,056","65,921","30,546","4,463","146","534,459","534,459","48,329","61,632","71,890","69,724","97,185","87,064","54,831","29,688","12,909","1,185","22","543,049","543,049","46,278","58,788","65,996","70,813","100,207","84,470","59,225","36,233","17,637","3,278","124","1,074,971","1,074,971","87,516","121,214","134,702","136,105","194,262","176,697","117,999","68,091","33,541","4,704","140","533,323","533,323","44,751","61,989","70,445","67,962","95,481","89,378","57,230","30,407","14,334","1,317","29","541,648","541,648","42,765","59,225","64,257","68,143","98,781","87,319","60,769","37,684","19,207","3,387","111","1,075,566","1,075,566","81,223","120,355","132,631","133,020","190,127","183,137","123,235","70,868","35,730","5,102","138","533,387","533,387","41,477","61,540","69,357","66,991","93,478","91,912","60,368","31,526","15,262","1,446","30","542,179","542,179","39,746","58,815","63,274","66,029","96,649","91,225","62,867","39,342","20,468","3,656","108","1,085,864","1,085,864","76,713","120,536","131,098","135,807","185,489","188,978","129,239","74,290","37,873","5,688","153","538,049","538,049","39,202","61,540","68,445","68,893","91,014","94,432","63,617","33,008","16,163","1,697","38","547,815","547,815","37,511","58,996","62,653","66,914","94,475","94,546","65,622","41,282","21,710","3,991","115","1,091,186","1,091,186","72,561","120,967","127,343","137,917","181,259","192,022","133,792","78,991","39,729","6,448","157","540,342","540,342","36,951","61,681","66,566","70,367","88,927","95,569","66,181","35,154","16,915","1,999","32","550,844","550,844","35,610","59,286","60,777","67,550","92,332","96,453","67,611","43,837","22,814","4,449","125"
"경기도 용인시 처인구 (4146100000)","257,498","257,498","21,222","24,883","34,504","34,006","43,528","43,270","31,378","16,025","7,426","1,178","78","131,974","131,974","10,834","12,955","18,759","18,018","22,901","22,350","15,776","7,406","2,701","261","13","125,524","125,524","10,388","11,928","15,745","15,988","20,627","20,920","15,602","8,619","4,725","917","65","260,198","260,198","19,959","24,709","34,685","33,398","43,521","44,111","34,423","16,215","7,913","1,231","33","133,503","133,503","10,220","12,825","18,873","17,852","22,884","22,772","17,388","7,481","2,944","258","6","126,695","126,695","9,739","11,884","15,812","15,546","20,637","21,339","17,035","8,734","4,969","973","27","259,288","259,288","18,399","24,871","33,479","32,399","42,955","44,484","35,744","17,140","8,481","1,305","31","133,113","133,113","9,495","12,837","18,262","17,429","22,552","23,004","18,089","7,978","3,174","288","5","126,175","126,175","8,904","12,034","15,217","14,970","20,403","21,480","17,655","9,162","5,307","1,017","26","261,488","261,488","17,293","24,728","32,807","32,165","42,678","45,901","37,545","18,145","8,809","1,384","33","134,289","134,289","8,866","12,801","17,984","17,462","22,364","23,635","19,039","8,516","3,297","321","4","127,199","127,199","8,427","11,927","14,823","14,703","20,314","22,266","18,506","9,629","5,512","1,063","29","274,162","274,162","17,843","25,543","32,780","35,547","43,764","48,004","40,177","19,660","9,290","1,520","34","140,423","140,423","9,086","13,122","17,984","19,196","22,900","24,640","20,388","9,249","3,480","373","5","133,739","133,739","8,757","12,421","14,796","16,351","20,864","23,364","19,789","10,411","5,810","1,147","29","282,044","282,044","17,792","26,152","32,114","37,303","44,375","49,066","42,215","21,649","9,598","1,742","38","144,280","144,280","9,043","13,382","17,577","20,106","23,237","25,238","21,354","10,241","3,661","435","6","137,764","137,764","8,749","12,770","14,537","17,197","21,138","23,828","20,861","11,408","5,937","1,307","32"
"경기도 용인시 처인구 포곡읍(4146125000)","33,300","33,300","2,317","3,704","4,791","3,942","5,976","5,904","3,696","1,916","931","123","0","17,230","17,230","1,187","1,946","2,690","2,144","3,115","3,112","1,862","822","329","23","0","16,070","16,070","1,130","1,758","2,101","1,798","2,861","2,792","1,834","1,094","602","100","0","33,495","33,495","2,132","3,621","4,807","3,837","5,915","6,098","4,035","1,939","967","143","1","17,300","17,300","1,098","1,879","2,685","2,117","3,061","3,220","2,037","837","341","25","0","16,195","16,195","1,034","1,742","2,122","1,720","2,854","2,878","1,998","1,102","626","118","1","33,508","33,508","1,934","3,626","4,768","3,729","5,780","6,164","4,266","2,024","1,065","151","1","17,302","17,302","997","1,910","2,652","2,087","2,962","3,251","2,153","882","380","28","0","16,206","16,206","937","1,716","2,116","1,642","2,818","2,913","2,113","1,142","685","123","1","32,880","32,880","1,678","3,503","4,555","3,567","5,532","6,267","4,439","2,088","1,086","164","1","16,989","16,989","871","1,826","2,563","2,033","2,807","3,269","2,292","911","387","29","1","15,891","15,891","807","1,677","1,992","1,534","2,725","2,998","2,147","1,177","699","135","0","31,300","31,300","1,320","3,270","4,211","3,260","4,933","6,221","4,598","2,177","1,138","171","1","16,189","16,189","691","1,689","2,380","1,855","2,507","3,283","2,383","953","406","42","0","15,111","15,111","629","1,581","1,831","1,405","2,426","2,938","2,215","1,224","732","129","1","30,848","30,848","1,178","3,118","4,010","3,271","4,628","6,176","4,770","2,316","1,162","215","4","15,939","15,939","623","1,616","2,258","1,858","2,366","3,264","2,463","1,016","421","54","0","14,909","14,909","555","1,502","1,752","1,413","2,262","2,912","2,307","1,300","741","161","4"
"경기도 용인시 처인구 모현읍(4146125300)","26,202","26,202","1,943","2,359","3,349","3,047","4,452","4,664","3,605","1,862","786","127","8","13,729","13,729","1,015","1,230","1,873","1,600","2,391","2,533","1,859","887","316","23","2","12,473","12,473","928","1,129","1,476","1,447","2,061","2,131","1,746","975","470","104","6","27,119","27,119","1,811","2,436","3,515","3,060","4,560","4,866","3,986","1,878","863","141","3","14,224","14,224","959","1,293","1,946","1,626","2,440","2,622","2,072","885","353","28","0","12,895","12,895","852","1,143","1,569","1,434","2,120","2,244","1,914","993","510","113","3","26,726","26,726","1,669","2,385","3,307","2,901","4,439","4,860","4,114","1,993","912","143","3","13,971","13,971","884","1,249","1,806","1,549","2,378","2,608","2,143","963","363","28","0","12,755","12,755","785","1,136","1,501","1,352","2,061","2,252","1,971","1,030","549","115","3","26,287","26,287","1,418","2,398","3,224","2,696","4,256","4,896","4,218","2,079","949","150","3","13,756","13,756","730","1,273","1,778","1,460","2,251","2,640","2,204","1,024","366","30","0","12,531","12,531","688","1,125","1,446","1,236","2,005","2,256","2,014","1,055","583","120","3","27,529","27,529","1,419","2,463","3,294","3,062","4,296","5,156","4,472","2,185","1,016","159","7","14,349","14,349","705","1,309","1,827","1,661","2,276","2,725","2,340","1,092","378","35","1","13,180","13,180","714","1,154","1,467","1,401","2,020","2,431","2,132","1,093","638","124","6","34,384","34,384","2,347","2,908","3,799","4,699","5,481","6,048","5,194","2,598","1,119","186","5","17,726","17,726","1,175","1,530","2,054","2,488","2,900","3,136","2,676","1,290","426","50","1","16,658","16,658","1,172","1,378","1,745","2,211","2,581","2,912","2,518","1,308","693","136","4"
"경기도 용인시 처인구 이동읍(4146125600)","20,265","20,265","1,586","1,789","2,135","2,370","3,334","3,696","2,959","1,512","744","131","9","10,372","10,372","796","930","1,217","1,305","1,814","1,930","1,439","674","246","20","1","9,893","9,893","790","859","918","1,065","1,520","1,766","1,520","838","498","111","8","20,446","20,446","1,433","1,789","2,173","2,321","3,310","3,752","3,211","1,521","799","131","6","10,468","10,468","705","924","1,231","1,318","1,801","1,943","1,582","678","266","19","1","9,978","9,978","728","865","942","1,003","1,509","1,809","1,629","843","533","112","5","20,536","20,536","1,304","1,780","2,118","2,359","3,224","3,796","3,362","1,567","875","146","5","10,545","10,545","652","927","1,193","1,341","1,754","1,975","1,685","696","293","29","0","9,991","9,991","652","853","925","1,018","1,470","1,821","1,677","871","582","117","5","20,066","20,066","1,153","1,708","2,008","2,219","3,041","3,786","3,451","1,640","893","162","5","10,337","10,337","578","892","1,143","1,278","1,657","1,986","1,735","738","298","32","0","9,729","9,729","575","816","865","941","1,384","1,800","1,716","902","595","130","5","19,464","19,464","968","1,630","1,920","2,018","2,841","3,689","3,617","1,732","874","172","3","10,029","10,029","481","848","1,103","1,185","1,530","1,945","1,828","777","300","31","1","9,435","9,435","487","782","817","833","1,311","1,744","1,789","955","574","141","2","19,018","19,018","810","1,578","1,772","1,906","2,685","3,611","3,710","1,873","881","184","8","9,773","9,773","400","801","993","1,153","1,432","1,923","1,881","841","314","34","1","9,245","9,245","410","777","779","753","1,253","1,688","1,829","1,032","567","150","7"
"경기도 용인시 처인구 남사읍(4146125900)","0","0","0","0","0","0","0","0","0","0","0","0","0","0","0","0","0","0","0","0","0","0","0","0","0","0","0","0","0","0","0","0","0","0","0","0","0","0","0","23,904","23,904","3,117","2,114","1,826","3,989","4,412","3,081","3,073","1,544","650","95","3","12,065","12,065","1,583","1,063","978","1,975","2,374","1,543","1,511","770","245","22","1","11,839","11,839","1,534","1,051","848","2,014","2,038","1,538","1,562","774","405","73","2","23,713","23,713","2,865","2,368","1,633","3,675","4,571","3,072","3,072","1,668","685","102","2","11,991","11,991","1,471","1,171","876","1,831","2,430","1,582","1,507","839","266","17","1","11,722","11,722","1,394","1,197","757","1,844","2,141","1,490","1,565","829","419","85","1","23,881","23,881","2,663","2,573","1,574","3,400","4,725","3,189","3,148","1,788","713","105","3","12,081","12,081","1,348","1,283","853","1,726","2,479","1,649","1,542","897","279","24","1","11,800","11,800","1,315","1,290","721","1,674","2,246","1,540","1,606","891","434","81","2","23,644","23,644","2,370","2,763","1,462","3,076","4,754","3,242","3,244","1,861","758","113","1","11,991","11,991","1,223","1,366","808","1,566","2,471","1,691","1,614","920","299","33","0","11,653","11,653","1,147","1,397","654","1,510","2,283","1,551","1,630","941","459","80","1","23,561","23,561","2,144","2,976","1,364","2,886","4,777","3,252","3,227","2,038","756","140","1","11,925","11,925","1,096","1,490","751","1,449","2,473","1,713","1,611","990","315","37","0","11,636","11,636","1,048","1,486","613","1,437","2,304","1,539","1,616","1,048","441","103","1"
"경기도 용인시 처인구 남사면(4146132000)","23,547","23,547","3,195","1,870","1,934","4,227","4,100","3,112","2,878","1,494","622","109","6","11,849","11,849","1,599","924","1,023","2,090","2,253","1,552","1,395","757","228","28","0","11,698","11,698","1,596","946","911","2,137","1,847","1,560","1,483","737","394","81","6","0","0","0","0","0","0","0","0","0","0","0","0","0","0","0","0","0","0","0","0","0","0","0","0","0","0","0","0","0","0","0","0","0","0","0","0","0","0","0","0","0","0","0","0","0","0","0","0","0","0","0","0","0","0","0","0","0","0","0","0","0","0","0","0","0","0","0","0","0","0","0","0","0","0","0","0","0","0","0","0","0","0","0","0","0","0","0","0","0","0","0","0","0","0","0","0","0","0","0","0","0","0","0","0","0","0","0","0","0","0","0","0","0","0","0","0","0","0","0","0","0","0","0","0","0","0","0","0","0","0","0","0","0","0","0","0","0","0","0","0","0","0","0","0","0","0","0","0","0","0","0","0","0","0","0","0","0","0","0","0","0","0","0","0","0","0","0","0","0","0","0","0","0","0","0","0","0","0","0","0","0","0","0","0","0","0","0","0","0","0","0","0","0","0","0"
"경기도 용인시 처인구 원삼면(4146134000)","8,252","8,252","326","575","743","731","1,093","1,616","1,652","950","485","77","4","4,302","4,302","168","303","421","423","606","853","856","483","171","18","0","3,950","3,950","158","272","322","308","487","763","796","467","314","59","4","8,278","8,278","333","568","702","710","1,056","1,568","1,824","920","510","85","2","4,305","4,305","166","296","400","416","573","839","926","479","192","17","1","3,973","3,973","167","272","302","294","483","729","898","441","318","68","1","8,022","8,022","297","532","681","645","985","1,529","1,811","958","508","75","1","4,187","4,187","141","277","404","368","535","823","925","505","192","17","0","3,835","3,835","156","255","277","277","450","706","886","453","316","58","1","7,914","7,914","257","588","666","597","916","1,462","1,817","986","532","92","1","4,147","4,147","127","311","382","354","502","794","935","503","218","21","0","3,767","3,767","130","277","284","243","414","668","882","483","314","71","1","7,737","7,737","197","590","622","570","835","1,393","1,861","1,047","517","103","2","4,049","4,049","94","301","345","354","458","749","981","532","211","23","1","3,688","3,688","103","289","277","216","377","644","880","515","306","80","1","7,477","7,477","173","490","531","548","801","1,345","1,879","1,084","514","111","1","3,930","3,930","87","249","304","337","438","725","988","560","219","22","1","3,547","3,547","86","241","227","211","363","620","891","524","295","89","0"
"경기도 용인시 처인구 백암면(4146135000)","8,461","8,461","239","509","867","728","1,011","1,602","1,810","939","657","92","7","4,561","4,561","133","282","531","437","612","885","981","446","231","22","1","3,900","3,900","106","227","336","291","399","717","829","493","426","70","6","8,394","8,394","228","469","844","728","976","1,554","1,925","921","665","83","1","4,555","4,555","124","257","527","434","598","885","1,031","443","236","20","0","3,839","3,839","104","212","317","294","378","669","894","478","429","63","1","8,296","8,296","221","452","771","709","959","1,487","1,953","961","688","93","2","4,518","4,518","120","260","479","418","600","862","1,032","478","249","19","1","3,778","3,778","101","192","292","291","359","625","921","483","439","74","1","8,045","8,045","182","384","723","632","923","1,442","1,954","1,016","690","98","1","4,370","4,370","95","217","447","380","578","841","1,030","516","242","24","0","3,675","3,675","87","167","276","252","345","601","924","500","448","74","1","7,901","7,901","177","394","613","631","842","1,399","1,980","1,081","670","113","1","4,263","4,263","92","203","371","380","522","836","1,042","559","228","30","0","3,638","3,638","85","191","242","251","320","563","938","522","442","83","1","7,584","7,584","156","345","516","599","775","1,317","1,922","1,177","644","133","0","4,143","4,143","85","189","315","368","483","798","1,020","610","237","38","0","3,441","3,441","71","156","201","231","292","519","902","567","407","95","0"
"경기도 용인시 처인구 양지면(4146136000)","19,084","19,084","1,308","1,946","2,383","2,408","3,125","3,388","2,607","1,187","609","113","10","10,131","10,131","681","1,062","1,356","1,377","1,699","1,773","1,373","578","204","27","1","8,953","8,953","627","884","1,027","1,031","1,426","1,615","1,234","609","405","86","9","19,493","19,493","1,208","1,834","2,448","2,470","3,114","3,485","2,958","1,194","654","122","6","10,363","10,363","653","974","1,392","1,403","1,707","1,845","1,554","578","233","24","0","9,130","9,130","555","860","1,056","1,067","1,407","1,640","1,404","616","421","98","6","19,723","19,723","1,113","1,963","2,341","2,482","3,069","3,529","3,143","1,263","688","127","5","10,509","10,509","600","1,067","1,317","1,441","1,685","1,854","1,647","623","250","24","1","9,214","9,214","513","896","1,024","1,041","1,384","1,675","1,496","640","438","103","4","19,846","19,846","1,060","1,730","2,275","2,552","3,043","3,653","3,332","1,363","694","138","6","10,603","10,603","550","934","1,296","1,496","1,693","1,896","1,752","702","255","28","1","9,243","9,243","510","796","979","1,056","1,350","1,757","1,580","661","439","110","5","19,751","19,751","992","1,702","2,122","2,520","2,974","3,648","3,442","1,501","704","140","6","10,459","10,459","506","929","1,194","1,435","1,651","1,893","1,782","776","262","30","1","9,292","9,292","486","773","928","1,085","1,323","1,755","1,660","725","442","110","5","21,455","21,455","1,127","1,801","2,116","2,998","3,206","3,867","3,759","1,684","736","155","6","11,255","11,255","563","937","1,183","1,677","1,766","2,017","1,929","869","288","24","2","10,200","10,200","564","864","933","1,321","1,440","1,850","1,830","815","448","131","4"
"경기도 용인시 처인구 중앙동(4146151000)","24,635","24,635","1,567","2,199","4,388","3,150","3,875","4,209","2,984","1,473","672","105","13","12,458","12,458","778","1,139","2,291","1,730","2,030","2,108","1,459","644","249","25","5","12,177","12,177","789","1,060","2,097","1,420","1,845","2,101","1,525","829","423","80","8","25,010","25,010","1,500","2,191","4,411","3,239","3,833","4,256","3,256","1,497","723","102","2","12,718","12,718","754","1,135","2,334","1,798","2,017","2,138","1,603","653","265","20","1","12,292","12,292","746","1,056","2,077","1,441","1,816","2,118","1,653","844","458","82","1","25,046","25,046","1,415","2,082","4,274","3,287","3,768","4,271","3,410","1,626","777","132","4","12,727","12,727","712","1,056","2,280","1,840","1,987","2,146","1,683","706","285","32","0","12,319","12,319","703","1,026","1,994","1,447","1,781","2,125","1,727","920","492","100","4","24,848","24,848","1,304","2,013","4,137","3,169","3,684","4,312","3,575","1,710","799","141","4","12,659","12,659","643","1,024","2,239","1,803","1,921","2,178","1,780","745","288","38","0","12,189","12,189","661","989","1,898","1,366","1,763","2,134","1,795","965","511","103","4","26,751","26,751","1,416","2,103","4,188","3,694","3,813","4,626","3,931","1,922","890","164","4","13,531","13,531","716","1,034","2,257","2,063","1,958","2,332","1,960","844","325","42","0","13,220","13,220","700","1,069","1,931","1,631","1,855","2,294","1,971","1,078","565","122","4","26,885","26,885","1,368","2,129","4,079","3,770","3,661","4,585","4,091","2,091","923","184","4","13,617","13,617","672","1,072","2,216","2,091","1,897","2,314","2,029","929","344","53","0","13,268","13,268","696","1,057","1,863","1,679","1,764","2,271","2,062","1,162","579","131","4"
"경기도 용인시 처인구 역삼동(4146152000)","44,675","44,675","4,897","4,435","7,184","7,418","7,762","6,374","3,820","1,886","763","126","10","22,398","22,398","2,526","2,266","3,694","3,781","3,941","3,124","1,871","871","293","28","3","22,277","22,277","2,371","2,169","3,490","3,637","3,821","3,250","1,949","1,015","470","98","7","0","0","0","0","0","0","0","0","0","0","0","0","0","0","0","0","0","0","0","0","0","0","0","0","0","0","0","0","0","0","0","0","0","0","0","0","0","0","0","0","0","0","0","0","0","0","0","0","0","0","0","0","0","0","0","0","0","0","0","0","0","0","0","0","0","0","0","0","0","0","0","0","0","0","0","0","0","0","0","0","0","0","0","0","0","0","0","0","0","0","0","0","0","0","0","0","0","0","0","0","0","0","0","0","0","0","0","0","0","0","0","0","0","0","0","0","0","0","0","0","0","0","0","0","0","0","0","0","0","0","0","0","0","0","0","0","0","0","0","0","0","0","0","0","0","0","0","0","0","0","0","0","0","0","0","0","0","0","0","0","0","0","0","0","0","0","0","0","0","0","0","0","0","0","0","0","0","0","0","0","0","0","0","0","0","0","0","0","0","0","0","0","0","0","0"
"경기도 용인시 처인구 역북동(4146152500)","0","0","0","0","0","0","0","0","0","0","0","0","0","0","0","0","0","0","0","0","0","0","0","0","0","0","0","0","0","0","0","0","0","0","0","0","0","0","0","31,872","31,872","3,491","3,096","5,322","5,599","5,605","4,198","2,734","1,254","488","82","3","16,097","16,097","1,773","1,571","2,741","2,890","2,927","2,039","1,370","573","195","17","1","15,775","15,775","1,718","1,525","2,581","2,709","2,678","2,159","1,364","681","293","65","2","31,899","31,899","3,232","3,252","5,284","5,297","5,734","4,257","2,853","1,352","567","70","1","16,123","16,123","1,668","1,625","2,760","2,724","2,972","2,085","1,427","613","235","13","1","15,776","15,776","1,564","1,627","2,524","2,573","2,762","2,172","1,426","739","332","57","0","35,463","35,463","3,386","3,470","5,619","5,864","6,319","5,074","3,410","1,579","672","68","2","17,863","17,863","1,761","1,745","2,942","3,033","3,269","2,448","1,652","723","275","14","1","17,600","17,600","1,625","1,725","2,677","2,831","3,050","2,626","1,758","856","397","54","1","34,747","34,747","3,010","3,492","5,483","5,588","6,074","5,123","3,509","1,686","702","77","3","17,503","17,503","1,538","1,770","2,882","2,923","3,136","2,495","1,700","751","290","18","0","17,244","17,244","1,472","1,722","2,601","2,665","2,938","2,628","1,809","935","412","59","3","34,727","34,727","2,772","3,604","5,344","5,573","5,954","5,142","3,670","1,841","731","93","3","17,526","17,526","1,418","1,804","2,859","2,938","3,054","2,551","1,755","829","292","26","0","17,201","17,201","1,354","1,800","2,485","2,635","2,900","2,591","1,915","1,012","439","67","3"
"경기도 용인시 처인구 삼가동(4146152600)","0","0","0","0","0","0","0","0","0","0","0","0","0","0","0","0","0","0","0","0","0","0","0","0","0","0","0","0","0","0","0","0","0","0","0","0","0","0","0","12,637","12,637","1,027","1,273","1,856","1,618","2,080","2,315","1,430","666","322","50","0","6,201","6,201","537","653","950","807","995","1,129","680","303","135","12","0","6,436","6,436","490","620","906","811","1,085","1,186","750","363","187","38","0","12,527","12,527","928","1,230","1,813","1,572","2,002","2,339","1,514","716","356","57","0","6,165","6,165","486","628","938","793","955","1,139","742","327","141","16","0","6,362","6,362","442","602","875","779","1,047","1,200","772","389","215","41","0","12,359","12,359","859","1,198","1,746","1,533","1,886","2,376","1,585","775","344","56","1","6,115","6,115","436","622","934","785","920","1,131","777","357","138","15","0","6,244","6,244","423","576","812","748","966","1,245","808","418","206","41","1","12,053","12,053","732","1,125","1,697","1,496","1,698","2,409","1,677","792","372","54","1","5,982","5,982","356","601","932","762","844","1,130","830","365","146","16","0","6,071","6,071","376","524","765","734","854","1,279","847","427","226","38","1","11,941","11,941","643","1,089","1,627","1,503","1,619","2,399","1,711","897","389","63","1","5,924","5,924","312","589","880","778","811","1,125","842","419","149","19","0","6,017","6,017","331","500","747","725","808","1,274","869","478","240","44","1"
"경기도 용인시 처인구 유림동(4146153000)","35,949","35,949","3,159","4,355","4,852","4,569","6,798","6,108","3,369","1,835","791","109","4","18,148","18,148","1,595","2,253","2,608","2,332","3,415","3,174","1,655","793","296","27","0","17,801","17,801","1,564","2,102","2,244","2,237","3,383","2,934","1,714","1,042","495","82","4","36,320","36,320","3,013","4,209","4,945","4,417","6,714","6,363","3,791","1,884","863","119","2","18,337","18,337","1,513","2,180","2,668","2,268","3,376","3,267","1,887","819","327","32","0","17,983","17,983","1,500","2,029","2,277","2,149","3,338","3,096","1,904","1,065","536","87","2","36,134","36,134","2,797","4,131","4,770","4,331","6,528","6,601","3,996","1,924","925","128","3","18,277","18,277","1,434","2,104","2,604","2,234","3,290","3,386","2,000","831","356","38","0","17,857","17,857","1,363","2,027","2,166","2,097","3,238","3,215","1,996","1,093","569","90","3","37,133","37,133","2,797","4,176","4,693","4,571","6,598","6,879","4,312","1,990","984","130","3","18,800","18,800","1,441","2,145","2,544","2,341","3,357","3,514","2,166","874","378","40","0","18,333","18,333","1,356","2,031","2,149","2,230","3,241","3,365","2,146","1,116","606","90","3","50,982","50,982","4,771","5,094","5,683","8,317","9,166","8,606","5,534","2,476","1,167","166","2","25,728","25,728","2,435","2,570","3,051","4,267","4,731","4,296","2,749","1,122","455","51","1","25,254","25,254","2,336","2,524","2,632","4,050","4,435","4,310","2,785","1,354","712","115","1","0","0","0","0","0","0","0","0","0","0","0","0","0","0","0","0","0","0","0","0","0","0","0","0","0","0","0","0","0","0","0","0","0","0","0","0","0","0","0"
"경기도 용인시 처인구 유림1동(4146153500)","0","0","0","0","0","0","0","0","0","0","0","0","0","0","0","0","0","0","0","0","0","0","0","0","0","0","0","0","0","0","0","0","0","0","0","0","0","0","0","0","0","0","0","0","0","0","0","0","0","0","0","0","0","0","0","0","0","0","0","0","0","0","0","0","0","0","0","0","0","0","0","0","0","0","0","0","0","0","0","0","0","0","0","0","0","0","0","0","0","0","0","0","0","0","0","0","0","0","0","0","0","0","0","0","0","0","0","0","0","0","0","0","0","0","0","0","0","0","0","0","0","0","0","0","0","0","0","0","0","0","0","0","0","0","0","0","0","0","0","0","0","0","0","0","0","0","0","0","0","0","0","0","0","0","0","0","0","0","0","0","0","0","0","0","0","0","0","0","0","0","0","0","0","0","0","0","0","0","0","0","0","0","0","0","0","0","0","0","0","0","0","0","0","0","0","13,538","13,538","745","1,058","1,608","2,000","2,016","2,539","2,048","1,018","448","56","2","6,902","6,902","364","551","853","1,096","1,088","1,285","1,035","457","158","14","1","6,636","6,636","381","507","755","904","928","1,254","1,013","561","290","42","1"
"경기도 용인시 처인구 유림2동(4146153600)","0","0","0","0","0","0","0","0","0","0","0","0","0","0","0","0","0","0","0","0","0","0","0","0","0","0","0","0","0","0","0","0","0","0","0","0","0","0","0","0","0","0","0","0","0","0","0","0","0","0","0","0","0","0","0","0","0","0","0","0","0","0","0","0","0","0","0","0","0","0","0","0","0","0","0","0","0","0","0","0","0","0","0","0","0","0","0","0","0","0","0","0","0","0","0","0","0","0","0","0","0","0","0","0","0","0","0","0","0","0","0","0","0","0","0","0","0","0","0","0","0","0","0","0","0","0","0","0","0","0","0","0","0","0","0","0","0","0","0","0","0","0","0","0","0","0","0","0","0","0","0","0","0","0","0","0","0","0","0","0","0","0","0","0","0","0","0","0","0","0","0","0","0","0","0","0","0","0","0","0","0","0","0","0","0","0","0","0","0","0","0","0","0","0","0","38,396","38,396","3,902","4,209","3,933","6,242","7,274","6,353","3,836","1,750","767","129","1","19,311","19,311","2,009","2,114","2,103","3,134","3,733","3,148","1,893","817","318","42","0","19,085","19,085","1,893","2,095","1,830","3,108","3,541","3,205","1,943","933","449","87","1"
"경기도 용인시 처인구 동부동(4146154000)","13,128","13,128","685","1,142","1,878","1,416","2,002","2,597","1,998","971","366","66","7","6,796","6,796","356","620","1,055","799","1,025","1,306","1,026","451","138","20","0","6,332","6,332","329","522","823","617","977","1,291","972","520","228","46","7","13,230","13,230","666","1,109","1,836","1,410","1,946","2,575","2,200","997","409","78","4","6,870","6,870","355","600","1,021","800","1,015","1,302","1,135","463","156","22","1","6,360","6,360","311","509","815","610","931","1,273","1,065","534","253","56","3","13,158","13,158","624","1,070","1,719","1,412","1,896","2,579","2,250","1,088","435","81","4","6,798","6,798","330","563","953","803","1,004","1,293","1,145","515","164","27","1","6,360","6,360","294","507","766","609","892","1,286","1,105","573","271","54","3","12,766","12,766","536","987","1,587","1,365","1,755","2,565","2,304","1,131","453","80","3","6,569","6,569","286","529","863","773","930","1,289","1,174","526","173","26","0","6,197","6,197","250","458","724","592","825","1,276","1,130","605","280","54","3","12,303","12,303","471","917","1,485","1,315","1,538","2,492","2,312","1,200","482","88","3","6,350","6,350","249","502","834","745","816","1,265","1,179","558","180","22","0","5,953","5,953","222","415","651","570","722","1,227","1,133","642","302","66","3","12,230","12,230","427","847","1,415","1,308","1,498","2,432","2,398","1,282","528","93","2","6,309","6,309","239","440","808","739","796","1,239","1,232","614","180","22","0","5,921","5,921","188","407","607","569","702","1,193","1,166","668","348","71","2"
"경기도 용인시 기흥구 (4146300000)","440,835","440,835","42,799","50,832","56,781","59,526","83,883","66,733","41,167","26,278","11,085","1,678","73","217,663","217,663","21,958","26,115","29,375","29,164","41,136","33,669","19,226","11,847","4,680","476","17","223,172","223,172","20,841","24,717","27,406","30,362","42,747","33,064","21,941","14,431","6,405","1,202","56","441,742","441,742","39,745","50,461","57,187","57,095","82,407","69,913","44,188","26,471","12,415","1,796","64","217,999","217,999","20,367","25,868","29,880","28,044","40,204","35,216","20,822","11,747","5,331","509","11","223,743","223,743","19,378","24,593","27,307","29,051","42,203","34,697","23,366","14,724","7,084","1,287","53","438,235","438,235","35,905","50,728","55,846","54,226","80,486","72,428","45,691","27,301","13,642","1,915","67","216,180","216,180","18,383","25,932","29,250","26,907","39,090","36,390","21,779","11,970","5,901","560","18","222,055","222,055","17,522","24,796","26,596","27,319","41,396","36,038","23,912","15,331","7,741","1,355","49","436,656","436,656","32,651","50,015","55,201","52,410","77,672","75,559","47,834","28,453","14,669","2,122","70","215,218","215,218","16,723","25,548","28,793","26,320","37,734","37,649","23,052","12,423","6,325","634","17","221,438","221,438","15,928","24,467","26,408","26,090","39,938","37,910","24,782","16,030","8,344","1,488","53","436,351","436,351","29,742","49,361","54,715","52,215","74,172","78,293","50,170","29,627","15,564","2,416","76","214,987","214,987","15,358","25,190","28,505","26,558","35,884","38,763","24,310","12,917","6,720","762","20","221,364","221,364","14,384","24,171","26,210","25,657","38,288","39,530","25,860","16,710","8,844","1,654","56","435,048","435,048","27,178","48,864","53,221","52,380","70,953","79,797","52,030","31,367","16,469","2,712","77","214,142","214,142","13,960","24,968","27,770","26,861","34,311","39,223","25,402","13,709","7,034","886","18","220,906","220,906","13,218","23,896","25,451","25,519","36,642","40,574","26,628","17,658","9,435","1,826","59"
"경기도 용인시 기흥구 신갈동(4146351000)","38,844","38,844","3,410","3,604","5,138","6,238","6,646","6,236","3,960","2,404","1,059","139","10","19,365","19,365","1,714","1,861","2,564","3,251","3,338","3,167","1,936","1,040","447","44","3","19,479","19,479","1,696","1,743","2,574","2,987","3,308","3,069","2,024","1,364","612","95","7","38,287","38,287","3,165","3,523","4,991","5,956","6,508","6,243","4,224","2,372","1,168","129","8","19,122","19,122","1,594","1,825","2,515","3,119","3,259","3,175","2,093","1,017","486","38","1","19,165","19,165","1,571","1,698","2,476","2,837","3,249","3,068","2,131","1,355","682","91","7","37,875","37,875","2,980","3,460","4,787","5,829","6,324","6,342","4,366","2,338","1,295","148","6","18,889","18,889","1,509","1,780","2,426","3,033","3,180","3,209","2,195","991","519","45","2","18,986","18,986","1,471","1,680","2,361","2,796","3,144","3,133","2,171","1,347","776","103","4","37,241","37,241","2,664","3,325","4,709","5,593","6,074","6,355","4,566","2,426","1,359","162","8","18,585","18,585","1,348","1,709","2,369","2,928","3,080","3,204","2,320","1,025","547","51","4","18,656","18,656","1,316","1,616","2,340","2,665","2,994","3,151","2,246","1,401","812","111","4","36,624","36,624","2,393","3,182","4,508","5,627","5,749","6,381","4,647","2,552","1,390","190","5","18,270","18,270","1,218","1,639","2,256","2,951","2,933","3,203","2,351","1,086","569","61","3","18,354","18,354","1,175","1,543","2,252","2,676","2,816","3,178","2,296","1,466","821","129","2","36,201","36,201","2,186","3,115","4,309","5,716","5,424","6,312","4,768","2,730","1,420","214","7","18,043","18,043","1,097","1,590","2,182","3,018","2,792","3,153","2,399","1,158","582","69","3","18,158","18,158","1,089","1,525","2,127","2,698","2,632","3,159","2,369","1,572","838","145","4"
"경기도 용인시 기흥구 영덕1동(4146351600)","30,729","30,729","3,524","3,548","3,839","4,721","6,017","4,824","2,555","1,158","458","81","4","15,271","15,271","1,789","1,842","2,004","2,333","2,969","2,426","1,207","539","149","12","1","15,458","15,458","1,735","1,706","1,835","2,388","3,048","2,398","1,348","619","309","69","3","30,389","30,389","3,133","3,573","3,793","4,348","5,831","5,144","2,773","1,199","500","92","3","15,116","15,116","1,610","1,835","1,999","2,156","2,868","2,603","1,306","554","169","15","1","15,273","15,273","1,523","1,738","1,794","2,192","2,963","2,541","1,467","645","331","77","2","30,183","30,183","2,752","3,655","3,709","4,117","5,696","5,362","2,974","1,272","543","98","5","15,008","15,008","1,417","1,900","1,939","2,091","2,782","2,679","1,416","574","193","15","2","15,175","15,175","1,335","1,755","1,770","2,026","2,914","2,683","1,558","698","350","83","3","31,353","31,353","2,589","3,713","3,846","4,235","5,733","5,761","3,350","1,413","604","104","5","15,546","15,546","1,305","1,935","1,966","2,203","2,814","2,820","1,625","634","221","22","1","15,807","15,807","1,284","1,778","1,880","2,032","2,919","2,941","1,725","779","383","82","4","34,273","34,273","2,704","3,906","4,163","4,614","6,126","6,417","3,961","1,622","640","118","2","16,950","16,950","1,370","2,030","2,103","2,409","3,008","3,113","1,924","735","231","27","0","17,323","17,323","1,334","1,876","2,060","2,205","3,118","3,304","2,037","887","409","91","2","34,208","34,208","2,524","3,855","4,049","4,567","5,964","6,433","4,201","1,805","689","120","1","16,968","16,968","1,294","2,032","2,105","2,381","2,925","3,076","2,052","822","247","34","0","17,240","17,240","1,230","1,823","1,944","2,186","3,039","3,357","2,149","983","442","86","1"
"경기도 용인시 기흥구 영덕2동(4146351700)","17,623","17,623","1,891","1,270","2,480","3,259","2,759","2,761","1,690","755","594","161","3","8,736","8,736","962","641","1,306","1,665","1,395","1,316","804","367","221","58","1","8,887","8,887","929","629","1,174","1,594","1,364","1,445","886","388","373","103","2","17,504","17,504","1,817","1,206","2,381","3,177","2,728","2,794","1,836","777","605","179","4","8,645","8,645","900","612","1,284","1,598","1,384","1,318","883","385","211","69","1","8,859","8,859","917","594","1,097","1,579","1,344","1,476","953","392","394","110","3","17,428","17,428","1,751","1,197","2,229","3,054","2,802","2,804","1,966","806","631","183","5","8,608","8,608","883","599","1,217","1,533","1,424","1,330","943","381","228","69","1","8,820","8,820","868","598","1,012","1,521","1,378","1,474","1,023","425","403","114","4","19,199","19,199","2,017","1,341","2,248","3,474","3,171","3,039","2,200","873","627","205","4","9,488","9,488","1,020","677","1,207","1,738","1,656","1,444","1,039","411","214","80","2","9,711","9,711","997","664","1,041","1,736","1,515","1,595","1,161","462","413","125","2","19,232","19,232","1,870","1,412","2,172","3,368","3,223","3,071","2,306","955","631","216","8","9,479","9,479","947","712","1,145","1,679","1,695","1,455","1,089","453","226","74","4","9,753","9,753","923","700","1,027","1,689","1,528","1,616","1,217","502","405","142","4","19,137","19,137","1,713","1,464","2,008","3,342","3,212","3,089","2,427","1,030","623","223","6","9,419","9,419","868","742","1,058","1,672","1,678","1,460","1,146","487","227","78","3","9,718","9,718","845","722","950","1,670","1,534","1,629","1,281","543","396","145","3"
"경기도 용인시 기흥구 구갈동(4146352000)","42,070","42,070","4,354","3,390","6,708","7,827","7,109","6,516","3,530","1,865","656","108","7","20,974","20,974","2,236","1,735","3,267","3,941","3,642","3,283","1,709","878","259","23","1","21,096","21,096","2,118","1,655","3,441","3,886","3,467","3,233","1,821","987","397","85","6","41,715","41,715","4,087","3,273","6,552","7,498","7,056","6,656","3,848","1,891","729","120","5","20,866","20,866","2,096","1,699","3,266","3,749","3,626","3,336","1,899","876","291","27","1","20,849","20,849","1,991","1,574","3,286","3,749","3,430","3,320","1,949","1,015","438","93","4","41,361","41,361","3,753","3,369","6,351","6,995","7,112","6,812","4,030","1,974","831","130","4","20,712","20,712","1,924","1,752","3,190","3,483","3,662","3,421","1,994","911","349","25","1","20,649","20,649","1,829","1,617","3,161","3,512","3,450","3,391","2,036","1,063","482","105","3","41,015","41,015","3,368","3,362","6,358","6,604","7,109","6,937","4,197","2,068","865","143","4","20,573","20,573","1,748","1,733","3,202","3,308","3,659","3,461","2,123","933","372","34","0","20,442","20,442","1,620","1,629","3,156","3,296","3,450","3,476","2,074","1,135","493","109","4","40,300","40,300","2,973","3,391","6,104","6,470","6,889","6,854","4,407","2,096","967","144","5","20,356","20,356","1,556","1,735","3,169","3,284","3,547","3,413","2,254","936","426","35","1","19,944","19,944","1,417","1,656","2,935","3,186","3,342","3,441","2,153","1,160","541","109","4","39,961","39,961","2,647","3,472","5,853","6,429","6,671","6,878","4,536","2,257","1,041","168","9","20,203","20,203","1,385","1,754","3,044","3,304","3,436","3,445","2,311","1,025","451","47","1","19,758","19,758","1,262","1,718","2,809","3,125","3,235","3,433","2,225","1,232","590","121","8"
"경기도 용인시 기흥구 상갈동(4146353000)","13,432","13,432","977","1,288","1,960","1,888","2,410","2,277","1,267","900","417","46","2","6,931","6,931","530","641","1,040","1,032","1,249","1,229","622","394","181","12","1","6,501","6,501","447","647","920","856","1,161","1,048","645","506","236","34","1","13,188","13,188","877","1,213","1,919","1,900","2,259","2,267","1,382","890","440","41","0","6,821","6,821","474","608","1,038","1,035","1,177","1,216","677","387","202","7","0","6,367","6,367","403","605","881","865","1,082","1,051","705","503","238","34","0","13,176","13,176","819","1,166","1,897","1,936","2,128","2,366","1,443","894","486","41","0","6,847","6,847","444","584","1,060","1,046","1,110","1,267","719","394","216","7","0","6,329","6,329","375","582","837","890","1,018","1,099","724","500","270","34","0","12,896","12,896","710","1,080","1,837","1,843","2,021","2,398","1,518","923","523","42","1","6,699","6,699","386","545","1,030","1,017","1,042","1,286","752","409","222","10","0","6,197","6,197","324","535","807","826","979","1,112","766","514","301","32","1","12,584","12,584","651","965","1,775","1,841","1,845","2,369","1,594","932","555","55","2","6,512","6,512","350","489","987","1,013","974","1,254","797","390","246","11","1","6,072","6,072","301","476","788","828","871","1,115","797","542","309","44","1","12,481","12,481","586","922","1,689","1,927","1,735","2,331","1,668","963","590","69","1","6,424","6,424","310","468","907","1,062","898","1,240","849","416","254","19","1","6,057","6,057","276","454","782","865","837","1,091","819","547","336","50","0"
"경기도 용인시 기흥구 보라동(4146353500)","33,685","33,685","3,068","4,352","4,045","3,936","6,549","5,179","3,353","2,198","870","127","8","16,723","16,723","1,607","2,231","2,070","1,927","3,264","2,625","1,576","1,011","369","41","2","16,962","16,962","1,461","2,121","1,975","2,009","3,285","2,554","1,777","1,187","501","86","6","33,285","33,285","2,747","4,269","4,058","3,594","6,307","5,464","3,525","2,200","973","143","5","16,450","16,450","1,411","2,188","2,099","1,749","3,109","2,754","1,671","999","419","50","1","16,835","16,835","1,336","2,081","1,959","1,845","3,198","2,710","1,854","1,201","554","93","4","33,016","33,016","2,467","4,272","3,986","3,382","6,152","5,621","3,628","2,291","1,077","132","8","16,265","16,265","1,259","2,180","2,058","1,645","3,003","2,826","1,749","1,030","468","45","2","16,751","16,751","1,208","2,092","1,928","1,737","3,149","2,795","1,879","1,261","609","87","6","32,906","32,906","2,227","4,191","3,974","3,249","5,841","5,949","3,758","2,375","1,179","155","8","16,228","16,228","1,117","2,152","2,080","1,600","2,854","2,969","1,818","1,064","526","46","2","16,678","16,678","1,110","2,039","1,894","1,649","2,987","2,980","1,940","1,311","653","109","6","32,688","32,688","2,021","4,111","3,908","3,193","5,490","6,163","3,923","2,418","1,272","181","8","16,131","16,131","1,030","2,111","2,046","1,591","2,677","3,039","1,933","1,088","553","61","2","16,557","16,557","991","2,000","1,862","1,602","2,813","3,124","1,990","1,330","719","120","6","32,427","32,427","1,812","4,013","3,821","3,174","5,169","6,302","4,036","2,531","1,373","189","7","16,009","16,009","901","2,060","2,029","1,592","2,528","3,082","2,016","1,157","576","66","2","16,418","16,418","911","1,953","1,792","1,582","2,641","3,220","2,020","1,374","797","123","5"
"경기도 용인시 기흥구 기흥동(4146354000)","21,332","21,332","1,839","2,160","2,509","2,762","3,794","3,486","2,678","1,443","572","86","3","10,546","10,546","923","1,133","1,319","1,373","1,915","1,691","1,248","687","244","13","0","10,786","10,786","916","1,027","1,190","1,389","1,879","1,795","1,430","756","328","73","3","21,625","21,625","1,710","2,170","2,573","2,695","3,814","3,586","2,852","1,469","664","89","3","10,718","10,718","874","1,127","1,372","1,364","1,891","1,776","1,335","669","294","15","1","10,907","10,907","836","1,043","1,201","1,331","1,923","1,810","1,517","800","370","74","2","21,477","21,477","1,535","2,110","2,536","2,663","3,757","3,571","2,918","1,567","724","94","2","10,666","10,666","770","1,085","1,377","1,395","1,862","1,745","1,394","697","319","21","1","10,811","10,811","765","1,025","1,159","1,268","1,895","1,826","1,524","870","405","73","1","21,293","21,293","1,347","2,031","2,510","2,550","3,563","3,665","3,079","1,643","787","115","3","10,567","10,567","676","1,016","1,382","1,359","1,773","1,785","1,485","719","345","26","1","10,726","10,726","671","1,015","1,128","1,191","1,790","1,880","1,594","924","442","89","2","20,924","20,924","1,150","1,964","2,377","2,494","3,323","3,762","3,169","1,731","823","125","6","10,363","10,363","573","981","1,331","1,349","1,639","1,821","1,503","777","350","37","2","10,561","10,561","577","983","1,046","1,145","1,684","1,941","1,666","954","473","88","4","20,737","20,737","1,058","1,916","2,289","2,473","3,111","3,800","3,185","1,891","866","143","5","10,275","10,275","537","959","1,265","1,341","1,529","1,860","1,499","855","381","48","1","10,462","10,462","521","957","1,024","1,132","1,582","1,940","1,686","1,036","485","95","4"
"경기도 용인시 기흥구 서농동(4146355000)","25,962","25,962","3,189","2,472","5,064","4,562","4,441","3,194","1,845","813","336","43","3","13,312","13,312","1,591","1,246","2,975","2,288","2,271","1,553","901","359","117","10","1","12,650","12,650","1,598","1,226","2,089","2,274","2,170","1,641","944","454","219","33","2","26,296","26,296","2,939","2,596","5,345","4,307","4,573","3,267","2,024","844","357","42","2","13,548","13,548","1,482","1,296","3,143","2,180","2,366","1,571","999","370","130","11","0","12,748","12,748","1,457","1,300","2,202","2,127","2,207","1,696","1,025","474","227","31","2","26,056","26,056","2,639","2,774","5,088","4,050","4,660","3,313","2,190","913","381","48","0","13,403","13,403","1,330","1,367","2,985","2,095","2,378","1,620","1,063","407","144","14","0","12,653","12,653","1,309","1,407","2,103","1,955","2,282","1,693","1,127","506","237","34","0","25,240","25,240","2,355","2,792","4,562","3,769","4,566","3,466","2,319","975","389","46","1","12,901","12,901","1,165","1,383","2,648","1,957","2,327","1,697","1,121","438","152","12","1","12,339","12,339","1,190","1,409","1,914","1,812","2,239","1,769","1,198","537","237","34","0","25,005","25,005","2,073","2,840","4,512","3,590","4,449","3,526","2,490","1,032","428","64","1","12,725","12,725","1,040","1,405","2,590","1,868","2,236","1,744","1,192","461","170","18","1","12,280","12,280","1,033","1,435","1,922","1,722","2,213","1,782","1,298","571","258","46","0","24,552","24,552","1,893","2,879","4,208","3,453","4,320","3,585","2,552","1,143","450","69","0","12,420","12,420","942","1,439","2,375","1,793","2,165","1,779","1,221","507","180","19","0","12,132","12,132","951","1,440","1,833","1,660","2,155","1,806","1,331","636","270","50","0"
"경기도 용인시 기흥구 구성동(4146356000)","39,372","39,372","3,332","4,848","4,309","4,230","7,783","5,843","4,294","3,204","1,322","200","7","19,040","19,040","1,719","2,492","2,229","2,044","3,768","2,849","1,903","1,393","598","44","1","20,332","20,332","1,613","2,356","2,080","2,186","4,015","2,994","2,391","1,811","724","156","6","40,258","40,258","3,192","4,806","4,437","4,248","7,638","6,321","4,600","3,242","1,540","225","9","19,418","19,418","1,637","2,469","2,319","2,072","3,629","3,129","2,042","1,373","705","42","1","20,840","20,840","1,555","2,337","2,118","2,176","4,009","3,192","2,558","1,869","835","183","8","39,913","39,913","2,831","4,859","4,343","3,990","7,328","6,625","4,656","3,358","1,671","244","8","19,254","19,254","1,458","2,498","2,270","1,975","3,448","3,301","2,070","1,398","783","52","1","20,659","20,659","1,373","2,361","2,073","2,015","3,880","3,324","2,586","1,960","888","192","7","39,303","39,303","2,524","4,712","4,232","3,748","6,783","7,010","4,694","3,506","1,836","253","5","18,926","18,926","1,300","2,403","2,217","1,861","3,191","3,479","2,097","1,485","831","62","0","20,377","20,377","1,224","2,309","2,015","1,887","3,592","3,531","2,597","2,021","1,005","191","5","38,760","38,760","2,213","4,540","4,232","3,637","6,206","7,280","4,826","3,612","1,908","299","7","18,635","18,635","1,146","2,310","2,233","1,827","2,911","3,581","2,171","1,524","844","88","0","20,125","20,125","1,067","2,230","1,999","1,810","3,295","3,699","2,655","2,088","1,064","211","7","38,395","38,395","1,971","4,390","4,173","3,551","5,793","7,392","4,991","3,765","2,009","350","10","18,408","18,408","1,012","2,246","2,174","1,819","2,721","3,592","2,272","1,593","874","104","1","19,987","19,987","959","2,144","1,999","1,732","3,072","3,800","2,719","2,172","1,135","246","9"
"경기도 용인시 기흥구 마북동(4146357000)","32,392","32,392","2,696","3,109","4,116","4,117","5,394","5,104","3,715","2,799","1,167","169","6","15,838","15,838","1,404","1,594","2,122","2,009","2,618","2,497","1,729","1,269","535","59","2","16,554","16,554","1,292","1,515","1,994","2,108","2,776","2,607","1,986","1,530","632","110","4","32,008","32,008","2,461","3,019","4,119","3,883","5,258","5,173","3,861","2,755","1,286","185","8","15,647","15,647","1,271","1,569","2,140","1,918","2,535","2,490","1,813","1,235","610","64","2","16,361","16,361","1,190","1,450","1,979","1,965","2,723","2,683","2,048","1,520","676","121","6","31,675","31,675","2,207","3,060","3,970","3,698","5,142","5,326","3,860","2,794","1,415","193","10","15,459","15,459","1,131","1,570","2,089","1,855","2,459","2,561","1,811","1,237","670","71","5","16,216","16,216","1,076","1,490","1,881","1,843","2,683","2,765","2,049","1,557","745","122","5","31,449","31,449","2,005","3,018","3,896","3,558","4,896","5,545","3,961","2,813","1,536","212","9","15,358","15,358","1,045","1,556","2,023","1,847","2,321","2,660","1,860","1,249","716","79","2","16,091","16,091","960","1,462","1,873","1,711","2,575","2,885","2,101","1,564","820","133","7","33,564","33,564","2,070","3,112","4,102","4,039","4,967","6,148","4,278","2,976","1,624","241","7","16,434","16,434","1,110","1,608","2,131","2,105","2,358","2,910","2,058","1,308","752","92","2","17,130","17,130","960","1,504","1,971","1,934","2,609","3,238","2,220","1,668","872","149","5","33,584","33,584","1,946","3,058","3,970","4,159","4,766","6,157","4,425","3,104","1,741","253","5","16,392","16,392","1,058","1,572","2,057","2,144","2,259","2,903","2,136","1,365","804","93","1","17,192","17,192","888","1,486","1,913","2,015","2,507","3,254","2,289","1,739","937","160","4"
"경기도 용인시 기흥구 동백1동(4146357200)","33,055","33,055","3,507","5,724","3,552","3,438","7,919","4,613","2,113","1,480","618","89","2","15,903","15,903","1,735","2,907","1,784","1,519","3,777","2,406","919","580","245","31","0","17,152","17,152","1,772","2,817","1,768","1,919","4,142","2,207","1,194","900","373","58","2","32,702","32,702","3,126","5,596","3,647","3,147","7,635","5,000","2,270","1,504","686","89","2","15,694","15,694","1,540","2,819","1,831","1,425","3,573","2,641","976","603","258","28","0","17,008","17,008","1,586","2,777","1,816","1,722","4,062","2,359","1,294","901","428","61","2","32,460","32,460","2,749","5,577","3,691","2,823","7,361","5,410","2,412","1,577","761","97","2","15,558","15,558","1,333","2,825","1,861","1,273","3,415","2,825","1,091","622","284","29","0","16,902","16,902","1,416","2,752","1,830","1,550","3,946","2,585","1,321","955","477","68","2","32,023","32,023","2,387","5,369","3,758","2,663","6,848","5,810","2,576","1,645","852","113","2","15,303","15,303","1,174","2,686","1,897","1,223","3,121","3,003","1,204","646","320","29","0","16,720","16,720","1,213","2,683","1,861","1,440","3,727","2,807","1,372","999","532","84","2","31,398","31,398","2,104","5,189","3,716","2,607","6,287","6,020","2,740","1,686","898","144","7","15,037","15,037","1,062","2,592","1,890","1,239","2,835","3,076","1,292","658","357","35","1","16,361","16,361","1,042","2,597","1,826","1,368","3,452","2,944","1,448","1,028","541","109","6","30,995","30,995","1,845","5,025","3,710","2,567","5,759","6,280","2,889","1,785","967","159","9","14,852","14,852","920","2,520","1,893","1,243","2,598","3,157","1,389","718","369","44","1","16,143","16,143","925","2,505","1,817","1,324","3,161","3,123","1,500","1,067","598","115","8"
"경기도 용인시 기흥구 동백2동(4146357500)","27,235","27,235","2,652","4,699","3,165","2,394","6,292","4,257","1,946","1,203","537","86","4","13,374","13,374","1,381","2,421","1,629","1,035","2,892","2,305","917","551","220","21","2","13,861","13,861","1,271","2,278","1,536","1,359","3,400","1,952","1,029","652","317","65","2","27,264","27,264","2,451","4,594","3,264","2,254","6,022","4,582","2,151","1,263","599","82","2","13,387","13,387","1,266","2,379","1,691","973","2,739","2,479","1,003","558","272","26","1","13,877","13,877","1,185","2,215","1,573","1,281","3,283","2,103","1,148","705","327","56","1","27,077","27,077","2,115","4,579","3,393","2,109","5,727","4,844","2,245","1,342","646","73","4","13,309","13,309","1,082","2,366","1,745","947","2,611","2,576","1,077","582","299","22","2","13,768","13,768","1,033","2,213","1,648","1,162","3,116","2,268","1,168","760","347","51","2","26,894","26,894","1,814","4,516","3,475","2,023","5,415","5,046","2,398","1,423","696","84","4","13,206","13,206","946","2,334","1,778","942","2,421","2,644","1,178","621","316","24","2","13,688","13,688","868","2,182","1,697","1,081","2,994","2,402","1,220","802","380","60","2","26,490","26,490","1,555","4,338","3,480","1,990","4,966","5,317","2,480","1,520","739","101","4","12,942","12,942","806","2,221","1,770","945","2,167","2,769","1,239","663","326","35","1","13,548","13,548","749","2,117","1,710","1,045","2,799","2,548","1,241","857","413","66","3","26,164","26,164","1,313","4,219","3,460","1,918","4,580","5,532","2,584","1,619","810","124","5","12,806","12,806","692","2,186","1,748","940","2,014","2,800","1,327","711","349","38","1","13,358","13,358","621","2,033","1,712","978","2,566","2,732","1,257","908","461","86","4"
"경기도 용인시 기흥구 동백3동(4146357700)","23,521","23,521","2,979","2,977","2,225","3,147","4,934","2,696","2,023","1,700","751","87","2","11,432","11,432","1,543","1,522","1,094","1,456","2,433","1,367","854","774","352","35","2","12,089","12,089","1,436","1,455","1,131","1,691","2,501","1,329","1,169","926","399","52","0","26,473","26,473","3,169","3,387","2,514","3,529","5,515","3,248","2,313","1,795","899","103","1","12,868","12,868","1,652","1,710","1,253","1,615","2,719","1,634","1,027","802","416","39","1","13,605","13,605","1,517","1,677","1,261","1,914","2,796","1,614","1,286","993","483","64","0","26,850","26,850","2,987","3,528","2,546","3,407","5,582","3,508","2,305","1,839","1,021","125","2","13,033","13,033","1,563","1,780","1,258","1,591","2,712","1,768","1,047","801","461","51","1","13,817","13,817","1,424","1,748","1,288","1,816","2,870","1,740","1,258","1,038","560","74","1","26,898","26,898","2,745","3,591","2,618","3,245","5,481","3,766","2,266","1,887","1,133","162","4","13,100","13,100","1,473","1,844","1,294","1,518","2,659","1,884","1,043","802","519","62","2","13,798","13,798","1,272","1,747","1,324","1,727","2,822","1,882","1,223","1,085","614","100","2","26,823","26,823","2,508","3,670","2,597","3,150","5,261","3,968","2,279","1,935","1,271","181","3","13,043","13,043","1,328","1,885","1,249","1,520","2,506","2,026","1,041","817","594","75","2","13,780","13,780","1,180","1,785","1,348","1,630","2,755","1,942","1,238","1,118","677","106","1","27,271","27,271","2,353","3,697","2,661","3,214","5,096","4,269","2,421","1,975","1,359","222","4","13,267","13,267","1,213","1,886","1,328","1,598","2,388","2,181","1,145","794","637","94","3","14,004","14,004","1,140","1,811","1,333","1,616","2,708","2,088","1,276","1,181","722","128","1"
"경기도 용인시 기흥구 상하동(4146358600)","24,970","24,970","1,995","2,817","3,440","2,820","4,500","4,406","2,709","1,545","636","96","6","12,220","12,220","1,052","1,467","1,780","1,355","2,147","2,202","1,276","683","236","22","0","12,750","12,750","943","1,350","1,660","1,465","2,353","2,204","1,433","862","400","74","6","24,535","24,535","1,762","2,724","3,358","2,680","4,102","4,633","2,925","1,535","713","97","6","11,937","11,937","931","1,409","1,742","1,293","1,957","2,255","1,383","673","274","20","0","12,598","12,598","831","1,315","1,616","1,387","2,145","2,378","1,542","862","439","77","6","23,984","23,984","1,547","2,609","3,208","2,556","3,850","4,658","3,041","1,586","799","123","7","11,648","11,648","833","1,335","1,671","1,232","1,836","2,248","1,462","696","306","29","0","12,336","12,336","714","1,274","1,537","1,324","2,014","2,410","1,579","890","493","94","7","23,620","23,620","1,361","2,518","3,086","2,435","3,593","4,709","3,242","1,678","855","136","7","11,467","11,467","726","1,293","1,614","1,203","1,734","2,233","1,572","733","330","29","0","12,153","12,153","635","1,225","1,472","1,232","1,859","2,476","1,670","945","525","107","7","23,229","23,229","1,194","2,373","3,042","2,350","3,307","4,692","3,386","1,826","902","149","8","11,261","11,261","643","1,235","1,555","1,195","1,589","2,212","1,647","800","345","40","0","11,968","11,968","551","1,138","1,487","1,155","1,718","2,480","1,739","1,026","557","109","8","22,988","22,988","1,055","2,269","2,919","2,363","3,067","4,676","3,518","2,009","944","161","7","11,079","11,079","568","1,168","1,505","1,212","1,458","2,174","1,714","874","361","45","0","11,909","11,909","487","1,101","1,414","1,151","1,609","2,502","1,804","1,135","583","116","7"
"경기도 용인시 기흥구 보정동(4146359000)","36,613","36,613","3,386","4,574","4,231","4,187","7,336","5,341","3,489","2,811","1,092","160","6","17,998","17,998","1,772","2,382","2,192","1,936","3,458","2,753","1,625","1,322","507","51","0","18,615","18,615","1,614","2,192","2,039","2,251","3,878","2,588","1,864","1,489","585","109","6","36,213","36,213","3,109","4,512","4,236","3,879","7,161","5,535","3,604","2,735","1,256","180","6","17,762","17,762","1,629","2,323","2,188","1,798","3,372","2,839","1,715","1,246","594","58","0","18,451","18,451","1,480","2,189","2,048","2,081","3,789","2,696","1,889","1,489","662","122","6","35,704","35,704","2,773","4,513","4,112","3,617","6,865","5,866","3,657","2,750","1,361","186","4","17,521","17,521","1,447","2,311","2,104","1,713","3,208","3,014","1,748","1,249","662","65","0","18,183","18,183","1,326","2,202","2,008","1,904","3,657","2,852","1,909","1,501","699","121","4","35,326","35,326","2,538","4,456","4,092","3,421","6,578","6,103","3,710","2,805","1,428","190","5","17,271","17,271","1,294","2,282","2,086","1,616","3,082","3,080","1,815","1,254","694","68","0","18,055","18,055","1,244","2,174","2,006","1,805","3,496","3,023","1,895","1,551","734","122","5","34,457","34,457","2,263","4,368","4,027","3,245","6,084","6,325","3,684","2,734","1,516","208","3","16,849","16,849","1,179","2,237","2,050","1,583","2,809","3,147","1,819","1,221","731","73","0","17,608","17,608","1,084","2,131","1,977","1,662","3,275","3,178","1,865","1,513","785","135","3","35,947","35,947","2,276","4,570","4,102","3,527","6,286","6,761","3,829","2,760","1,587","248","1","17,577","17,577","1,163","2,346","2,100","1,742","2,922","3,321","1,926","1,227","742","88","0","18,370","18,370","1,113","2,224","2,002","1,785","3,364","3,440","1,903","1,533","845","160","1"
"경기도 용인시 수지구 (4146500000)","375,843","375,843","36,750","45,450","46,477","51,771","72,604","55,069","33,719","23,321","9,295","1,333","54","183,210","183,210","18,715","23,124","23,210","24,564","34,796","27,911","15,671","10,643","4,183","386","7","192,633","192,633","18,035","22,326","23,267","27,207","37,808","27,158","18,048","12,678","5,112","947","47","375,568","375,568","34,903","45,250","46,014","50,044","71,464","57,510","35,445","23,235","10,218","1,436","49","182,957","182,957","17,742","22,939","23,137","23,828","34,097","29,076","16,621","10,460","4,634","418","5","192,611","192,611","17,161","22,311","22,877","26,216","37,367","28,434","18,824","12,775","5,584","1,018","44","377,448","377,448","33,212","45,615","45,377","49,480","70,821","59,785","36,564","23,650","11,418","1,484","42","184,030","184,030","16,873","23,220","22,933","23,626","33,839","29,984","17,362","10,459","5,259","469","6","193,418","193,418","16,339","22,395","22,444","25,854","36,982","29,801","19,202","13,191","6,159","1,015","36","377,422","377,422","31,279","45,612","44,623","48,445","69,777","61,677","37,856","24,270","12,252","1,596","35","183,880","183,880","15,888","23,191","22,580","23,209","33,380","30,628","18,277","10,587","5,640","491","9","193,542","193,542","15,391","22,421","22,043","25,236","36,397","31,049","19,579","13,683","6,612","1,105","26","375,351","375,351","29,128","45,632","43,603","48,045","67,553","62,681","38,892","25,003","13,019","1,752","43","182,639","182,639","14,758","23,228","21,956","23,139","32,230","31,029","18,919","10,842","5,963","562","13","192,712","192,712","14,370","22,404","21,647","24,906","35,323","31,652","19,973","14,161","7,056","1,190","30","374,094","374,094","27,591","45,951","42,008","48,234","65,931","63,159","39,547","25,975","13,662","1,994","42","181,920","181,920","13,948","23,331","21,219","23,400","31,379","31,108","19,425","11,204","6,220","678","8","192,174","192,174","13,643","22,620","20,789","24,834","34,552","32,051","20,122","14,771","7,442","1,316","34"
"경기도 용인시 수지구 풍덕천1동(4146551000)","36,762","36,762","2,760","3,704","5,439","6,239","6,098","5,413","3,653","2,328","991","127","10","18,307","18,307","1,430","1,894","2,810","3,296","2,965","2,730","1,693","1,039","410","38","2","18,455","18,455","1,330","1,810","2,629","2,943","3,133","2,683","1,960","1,289","581","89","8","36,189","36,189","2,577","3,546","5,173","6,270","5,819","5,514","3,830","2,249","1,050","152","9","18,038","18,038","1,329","1,827","2,657","3,379","2,828","2,753","1,809","986","426","44","0","18,151","18,151","1,248","1,719","2,516","2,891","2,991","2,761","2,021","1,263","624","108","9","35,668","35,668","2,456","3,424","4,909","6,262","5,606","5,522","3,906","2,246","1,172","157","8","17,850","17,850","1,269","1,796","2,575","3,375","2,739","2,757","1,835","980","472","52","0","17,818","17,818","1,187","1,628","2,334","2,887","2,867","2,765","2,071","1,266","700","105","8","35,189","35,189","2,298","3,293","4,751","6,137","5,473","5,529","3,989","2,297","1,247","164","11","17,627","17,627","1,233","1,699","2,477","3,309","2,739","2,726","1,925","972","496","49","2","17,562","17,562","1,065","1,594","2,274","2,828","2,734","2,803","2,064","1,325","751","115","9","34,797","34,797","2,134","3,237","4,580","6,223","5,198","5,575","3,984","2,356","1,311","188","11","17,359","17,359","1,118","1,673","2,371","3,343","2,633","2,706","1,943","994","521","55","2","17,438","17,438","1,016","1,564","2,209","2,880","2,565","2,869","2,041","1,362","790","133","9","34,599","34,599","2,093","3,184","4,448","6,315","5,110","5,492","3,933","2,489","1,326","202","7","17,284","17,284","1,069","1,643","2,309","3,408","2,576","2,699","1,934","1,035","554","56","1","17,315","17,315","1,024","1,541","2,139","2,907","2,534","2,793","1,999","1,454","772","146","6"
"경기도 용인시 수지구 풍덕천2동(4146552000)","41,680","41,680","4,726","5,762","4,936","6,278","9,027","5,747","2,428","1,749","917","105","5","20,442","20,442","2,405","2,953","2,412","2,946","4,397","3,062","1,168","684","380","33","2","21,238","21,238","2,321","2,809","2,524","3,332","4,630","2,685","1,260","1,065","537","72","3","41,003","41,003","4,386","5,691","4,841","5,900","8,802","5,946","2,612","1,708","999","116","2","20,175","20,175","2,229","2,927","2,432","2,751","4,290","3,138","1,293","692","390","33","0","20,828","20,828","2,157","2,764","2,409","3,149","4,512","2,808","1,319","1,016","609","83","2","41,454","41,454","4,188","5,751","4,829","5,922","8,795","6,267","2,790","1,691","1,084","137","0","20,336","20,336","2,097","2,953","2,407","2,815","4,247","3,265","1,399","686","425","42","0","21,118","21,118","2,091","2,798","2,422","3,107","4,548","3,002","1,391","1,005","659","95","0","41,450","41,450","3,965","5,727","4,800","5,944","8,715","6,427","2,892","1,714","1,123","143","0","20,362","20,362","1,992","2,947","2,378","2,843","4,224","3,301","1,490","689","449","49","0","21,088","21,088","1,973","2,780","2,422","3,101","4,491","3,126","1,402","1,025","674","94","0","41,320","41,320","3,804","5,802","4,570","6,006","8,629","6,474","3,028","1,704","1,156","147","0","20,351","20,351","1,909","2,974","2,280","2,901","4,182","3,338","1,559","690","471","47","0","20,969","20,969","1,895","2,828","2,290","3,105","4,447","3,136","1,469","1,014","685","100","0","41,219","41,219","3,690","5,935","4,329","6,193","8,432","6,494","3,110","1,746","1,114","174","2","20,287","20,287","1,872","3,013","2,157","3,012","4,075","3,322","1,609","726","445","56","0","20,932","20,932","1,818","2,922","2,172","3,181","4,357","3,172","1,501","1,020","669","118","2"
"경기도 용인시 수지구 신봉동(4146553000)","38,172","38,172","3,548","5,319","4,078","4,074","8,014","5,728","3,444","2,775","1,050","140","2","18,543","18,543","1,793","2,730","2,100","1,848","3,707","2,979","1,584","1,252","509","41","0","19,629","19,629","1,755","2,589","1,978","2,226","4,307","2,749","1,860","1,523","541","99","2","37,827","37,827","3,261","5,297","4,073","3,872","7,719","6,019","3,523","2,743","1,157","161","2","18,310","18,310","1,620","2,725","2,077","1,775","3,548","3,085","1,646","1,220","564","50","0","19,517","19,517","1,641","2,572","1,996","2,097","4,171","2,934","1,877","1,523","593","111","2","40,816","40,816","3,546","5,486","4,289","4,592","8,038","6,715","3,815","2,820","1,337","177","1","19,744","19,744","1,782","2,778","2,179","2,156","3,712","3,384","1,819","1,222","654","58","0","21,072","21,072","1,764","2,708","2,110","2,436","4,326","3,331","1,996","1,598","683","119","1","41,317","41,317","3,383","5,544","4,290","4,548","7,944","7,070","4,014","2,859","1,468","195","2","19,928","19,928","1,675","2,799","2,189","2,147","3,657","3,534","1,932","1,208","723","62","2","21,389","21,389","1,708","2,745","2,101","2,401","4,287","3,536","2,082","1,651","745","133","0","41,248","41,248","3,179","5,504","4,302","4,433","7,580","7,349","4,196","2,912","1,567","222","4","19,858","19,858","1,601","2,800","2,170","2,108","3,452","3,643","2,045","1,225","740","71","3","21,390","21,390","1,578","2,704","2,132","2,325","4,128","3,706","2,151","1,687","827","151","1","41,065","41,065","2,962","5,545","4,172","4,355","7,253","7,555","4,348","2,959","1,681","230","5","19,846","19,846","1,524","2,814","2,143","2,051","3,331","3,709","2,166","1,241","781","84","2","21,219","21,219","1,438","2,731","2,029","2,304","3,922","3,846","2,182","1,718","900","146","3"
"경기도 용인시 수지구 죽전1동(4146554000)","56,882","56,882","5,098","7,094","7,879","6,999","10,907","8,712","5,127","3,341","1,518","200","7","27,442","27,442","2,573","3,583","3,897","3,280","5,218","4,312","2,396","1,467","651","65","0","29,440","29,440","2,525","3,511","3,982","3,719","5,689","4,400","2,731","1,874","867","135","7","29,168","29,168","2,355","3,535","3,779","3,306","5,389","4,835","2,973","1,893","980","117","6","14,105","14,105","1,174","1,798","1,910","1,564","2,517","2,391","1,430","820","461","40","0","15,063","15,063","1,181","1,737","1,869","1,742","2,872","2,444","1,543","1,073","519","77","6","28,673","28,673","2,101","3,496","3,705","3,131","5,161","4,879","3,113","1,890","1,071","121","5","13,884","13,884","1,025","1,804","1,891","1,497","2,426","2,371","1,520","808","501","41","0","14,789","14,789","1,076","1,692","1,814","1,634","2,735","2,508","1,593","1,082","570","80","5","28,433","28,433","1,932","3,433","3,590","3,069","4,923","5,026","3,251","1,935","1,143","128","3","13,733","13,733","949","1,760","1,845","1,475","2,301","2,415","1,598","833","517","40","0","14,700","14,700","983","1,673","1,745","1,594","2,622","2,611","1,653","1,102","626","88","3","28,162","28,162","1,777","3,341","3,468","3,083","4,647","5,104","3,413","1,987","1,183","157","2","13,584","13,584","891","1,687","1,793","1,502","2,151","2,448","1,673","870","525","44","0","14,578","14,578","886","1,654","1,675","1,581","2,496","2,656","1,740","1,117","658","113","2","28,969","28,969","1,787","3,328","3,516","3,356","4,522","5,299","3,630","2,083","1,255","190","3","13,999","13,999","914","1,691","1,835","1,649","2,086","2,529","1,779","911","538","67","0","14,970","14,970","873","1,637","1,681","1,707","2,436","2,770","1,851","1,172","717","123","3"
"경기도 용인시 수지구 죽전2동(4146555000)","18,533","18,533","1,528","1,619","2,765","3,303","3,055","2,876","1,779","1,046","470","90","2","9,151","9,151","802","830","1,390","1,670","1,509","1,406","843","481","191","29","0","9,382","9,382","726","789","1,375","1,633","1,546","1,470","936","565","279","61","2","18,387","18,387","1,411","1,534","2,824","3,209","2,955","2,924","1,855","1,061","511","100","3","9,107","9,107","736","800","1,439","1,646","1,454","1,413","887","492","206","34","0","9,280","9,280","675","734","1,385","1,563","1,501","1,511","968","569","305","66","3","18,178","18,178","1,353","1,476","2,689","3,134","2,896","2,965","1,920","1,087","563","91","4","9,050","9,050","706","754","1,411","1,590","1,431","1,447","933","511","229","38","0","9,128","9,128","647","722","1,278","1,544","1,465","1,518","987","576","334","53","4","18,003","18,003","1,236","1,420","2,582","3,123","2,771","3,020","2,036","1,111","595","108","1","8,927","8,927","640","717","1,349","1,590","1,380","1,462","983","517","250","39","0","9,076","9,076","596","703","1,233","1,533","1,391","1,558","1,053","594","345","69","1","17,805","17,805","1,134","1,390","2,543","3,121","2,676","2,945","2,096","1,172","619","106","3","8,760","8,760","566","703","1,304","1,587","1,341","1,397","1,026","528","267","41","0","9,045","9,045","568","687","1,239","1,534","1,335","1,548","1,070","644","352","65","3","17,110","17,110","1,083","1,324","2,174","3,049","2,500","2,834","2,201","1,187","639","115","4","8,320","8,320","527","672","1,098","1,541","1,234","1,330","1,071","534","272","41","0","8,790","8,790","556","652","1,076","1,508","1,266","1,504","1,130","653","367","74","4"
"경기도 용인시 수지구 죽전3동(4146555500)","0","0","0","0","0","0","0","0","0","0","0","0","0","0","0","0","0","0","0","0","0","0","0","0","0","0","0","0","0","0","0","0","0","0","0","0","0","0","0","27,063","27,063","2,256","3,261","4,073","3,476","5,010","4,207","2,511","1,480","688","96","5","13,007","13,007","1,139","1,607","2,017","1,638","2,428","2,079","1,157","639","274","29","0","14,056","14,056","1,117","1,654","2,056","1,838","2,582","2,128","1,354","841","414","67","5","26,717","26,717","2,047","3,222","3,992","3,358","4,792","4,318","2,604","1,528","758","94","4","12,924","12,924","1,039","1,639","2,008","1,592","2,302","2,145","1,198","656","311","33","1","13,793","13,793","1,008","1,583","1,984","1,766","2,490","2,173","1,406","872","447","61","3","26,584","26,584","1,845","3,204","3,987","3,237","4,604","4,480","2,717","1,588","818","101","3","12,906","12,906","936","1,618","2,045","1,536","2,209","2,214","1,283","693","338","33","1","13,678","13,678","909","1,586","1,942","1,701","2,395","2,266","1,434","895","480","68","2","26,441","26,441","1,672","3,078","4,087","3,174","4,352","4,608","2,824","1,655","878","111","2","12,835","12,835","837","1,554","2,096","1,523","2,078","2,292","1,341","724","352","38","0","13,606","13,606","835","1,524","1,991","1,651","2,274","2,316","1,483","931","526","73","2","26,294","26,294","1,527","3,038","3,989","3,167","4,227","4,600","2,892","1,785","923","142","4","12,765","12,765","775","1,522","2,063","1,536","1,994","2,288","1,380","781","378","46","2","13,529","13,529","752","1,516","1,926","1,631","2,233","2,312","1,512","1,004","545","96","2"
"경기도 용인시 수지구 동천동(4146556000)","49,521","49,521","5,761","5,354","5,553","7,957","9,610","6,990","4,659","2,583","888","161","5","24,413","24,413","2,987","2,768","2,785","3,709","4,733","3,533","2,253","1,222","384","39","0","25,108","25,108","2,774","2,586","2,768","4,248","4,877","3,457","2,406","1,361","504","122","5","49,723","49,723","5,530","5,421","5,562","7,501","9,627","7,332","4,945","2,643","997","159","6","24,478","24,478","2,871","2,755","2,808","3,500","4,736","3,737","2,352","1,241","439","37","2","25,245","25,245","2,659","2,666","2,754","4,001","4,891","3,595","2,593","1,402","558","122","4","50,642","50,642","5,384","5,564","5,540","7,493","9,815","7,654","5,085","2,823","1,116","161","7","24,947","24,947","2,806","2,822","2,796","3,478","4,842","3,876","2,445","1,301","531","48","2","25,695","25,695","2,578","2,742","2,744","4,015","4,973","3,778","2,640","1,522","585","113","5","50,793","50,793","5,044","5,696","5,451","7,137","9,890","7,930","5,303","2,959","1,204","172","7","24,984","24,984","2,596","2,914","2,739","3,312","4,881","3,976","2,576","1,371","567","50","2","25,809","25,809","2,448","2,782","2,712","3,825","5,009","3,954","2,727","1,588","637","122","5","50,597","50,597","4,562","5,856","5,299","6,936","9,672","8,114","5,520","3,121","1,323","188","6","24,816","24,816","2,330","3,011","2,640","3,218","4,757","4,056","2,674","1,433","632","63","2","25,781","25,781","2,232","2,845","2,659","3,718","4,915","4,058","2,846","1,688","691","125","4","50,787","50,787","4,253","5,976","5,167","6,950","9,567","8,232","5,584","3,405","1,457","192","4","24,887","24,887","2,149","3,073","2,563","3,306","4,658","4,095","2,736","1,557","685","65","0","25,900","25,900","2,104","2,903","2,604","3,644","4,909","4,137","2,848","1,848","772","127","4"
"경기도 용인시 수지구 상현1동(4146557000)","48,649","48,649","4,816","6,183","6,338","6,785","9,361","7,030","4,094","2,791","1,083","158","10","23,535","23,535","2,383","3,136","3,075","3,216","4,449","3,557","1,900","1,281","500","37","1","25,114","25,114","2,433","3,047","3,263","3,569","4,912","3,473","2,194","1,510","583","121","9","20,422","20,422","1,978","2,814","2,244","2,404","3,957","3,124","1,822","1,381","592","103","3","9,775","9,775","992","1,377","1,117","1,083","1,844","1,602","843","606","291","19","1","10,647","10,647","986","1,437","1,127","1,321","2,113","1,522","979","775","301","84","2","20,116","20,116","1,797","2,786","2,230","2,226","3,894","3,212","1,845","1,379","632","111","4","9,635","9,635","908","1,368","1,102","1,007","1,832","1,620","866","600","304","27","1","10,481","10,481","889","1,418","1,128","1,219","2,062","1,592","979","779","328","84","3","20,088","20,088","1,709","2,742","2,233","2,192","3,803","3,359","1,878","1,381","680","110","1","9,649","9,649","873","1,354","1,108","1,003","1,800","1,672","899","583","328","28","1","10,439","10,439","836","1,388","1,125","1,189","2,003","1,687","979","798","352","82","0","19,960","19,960","1,659","2,705","2,226","2,173","3,688","3,390","1,893","1,386","727","110","3","9,597","9,597","836","1,368","1,082","1,014","1,735","1,681","926","576","348","29","2","10,363","10,363","823","1,337","1,144","1,159","1,953","1,709","967","810","379","81","1","19,740","19,740","1,632","2,664","2,108","2,242","3,646","3,329","1,878","1,367","754","119","1","9,413","9,413","784","1,337","1,026","1,032","1,733","1,627","936","548","351","39","0","10,327","10,327","848","1,327","1,082","1,210","1,913","1,702","942","819","403","80","1"
"경기도 용인시 수지구 상현2동(4146558000)","34,092","34,092","3,387","4,234","3,913","4,306","6,592","5,066","3,044","2,464","941","141","4","16,604","16,604","1,744","2,196","1,939","2,042","3,156","2,538","1,373","1,138","435","43","0","17,488","17,488","1,643","2,038","1,974","2,264","3,436","2,528","1,671","1,326","506","98","4","33,287","33,287","3,136","4,160","3,736","4,040","6,373","5,162","3,136","2,367","1,038","136","3","16,158","16,158","1,611","2,142","1,876","1,898","3,034","2,581","1,420","1,062","489","44","1","17,129","17,129","1,525","2,018","1,860","2,142","3,339","2,581","1,716","1,305","549","92","2","32,922","32,922","2,876","4,167","3,650","3,857","6,259","5,261","3,186","2,353","1,184","126","3","15,968","15,968","1,460","2,168","1,847","1,817","2,994","2,585","1,466","1,037","553","39","2","16,954","16,954","1,416","1,999","1,803","2,040","3,265","2,676","1,720","1,316","631","87","1","33,110","33,110","2,760","4,193","3,606","3,802","6,234","5,429","3,312","2,376","1,254","141","3","16,032","16,032","1,405","2,168","1,839","1,773","2,994","2,658","1,544","1,026","585","39","1","17,078","17,078","1,355","2,025","1,767","2,029","3,240","2,771","1,768","1,350","669","102","2","32,874","32,874","2,588","4,229","3,436","3,832","6,020","5,534","3,246","2,500","1,321","162","6","15,918","15,918","1,321","2,196","1,746","1,793","2,865","2,720","1,544","1,068","614","49","2","16,956","16,956","1,267","2,033","1,690","2,039","3,155","2,814","1,702","1,432","707","113","4","32,659","32,659","2,461","4,252","3,344","3,814","5,902","5,504","3,285","2,533","1,372","188","4","15,811","15,811","1,237","2,229","1,702","1,789","2,789","2,728","1,570","1,071","631","64","1","16,848","16,848","1,224","2,023","1,642","2,025","3,113","2,776","1,715","1,462","741","124","3"
"경기도 용인시 수지구 상현3동(4146558500)","0","0","0","0","0","0","0","0","0","0","0","0","0","0","0","0","0","0","0","0","0","0","0","0","0","0","0","0","0","0","0","0","0","0","0","0","0","0","0","27,895","27,895","2,609","3,314","3,962","4,164","5,244","4,141","2,409","1,386","582","81","3","13,488","13,488","1,286","1,692","1,881","2,003","2,511","2,078","1,115","631","269","21","1","14,407","14,407","1,323","1,622","2,081","2,161","2,733","2,063","1,294","755","313","60","2","27,697","27,697","2,428","3,294","3,900","4,031","5,146","4,295","2,438","1,418","662","83","2","13,374","13,374","1,202","1,709","1,830","1,917","2,481","2,126","1,139","628","319","23","0","14,323","14,323","1,226","1,585","2,070","2,114","2,665","2,169","1,299","790","343","60","2","27,759","27,759","2,343","3,288","3,807","4,007","5,079","4,392","2,534","1,498","722","87","2","13,408","13,408","1,188","1,682","1,816","1,897","2,425","2,158","1,212","654","354","22","0","14,351","14,351","1,155","1,606","1,991","2,110","2,654","2,234","1,322","844","368","65","2","27,480","27,480","2,125","3,310","3,657","3,955","4,952","4,381","2,642","1,613","750","93","2","13,241","13,241","1,081","1,662","1,729","1,873","2,374","2,166","1,268","709","350","28","1","14,239","14,239","1,044","1,648","1,928","2,082","2,578","2,215","1,374","904","400","65","1","27,231","27,231","1,956","3,380","3,457","3,913","4,887","4,427","2,657","1,663","769","120","2","13,133","13,133","1,012","1,692","1,631","1,881","2,363","2,137","1,300","717","358","41","1","14,098","14,098","944","1,688","1,826","2,032","2,524","2,290","1,357","946","411","79","1"
"경기도 용인시 수지구 성복동(4146559000)","51,552","51,552","5,126","6,181","5,576","5,830","9,940","7,507","5,491","4,244","1,437","211","9","24,773","24,773","2,598","3,034","2,802","2,557","4,662","3,794","2,461","2,079","723","61","2","26,779","26,779","2,528","3,147","2,774","3,273","5,278","3,713","3,030","2,165","714","150","7","54,604","54,604","5,404","6,677","5,747","5,902","10,569","8,306","5,829","4,324","1,624","215","7","26,316","26,316","2,755","3,289","2,923","2,591","4,907","4,219","2,669","2,071","825","67","0","28,288","28,288","2,649","3,388","2,824","3,311","5,662","4,087","3,160","2,253","799","148","7","54,565","54,565","5,036","6,949","5,644","5,474","10,419","8,697","5,862","4,415","1,839","226","4","26,318","26,318","2,579","3,429","2,887","2,382","4,833","4,408","2,742","2,030","960","68","0","28,247","28,247","2,457","3,520","2,757","3,092","5,586","4,289","3,120","2,385","879","158","4","54,696","54,696","4,764","7,072","5,526","5,249","10,341","9,015","5,930","4,552","1,998","247","2","26,324","26,324","2,401","3,533","2,795","2,324","4,770","4,512","2,835","2,041","1,033","80","0","28,372","28,372","2,363","3,539","2,731","2,925","5,571","4,503","3,095","2,511","965","167","2","54,667","54,667","4,494","7,180","5,435","5,109","10,139","9,207","6,050","4,597","2,184","268","4","26,320","26,320","2,268","3,600","2,745","2,277","4,662","4,582","2,920","2,025","1,143","97","1","28,347","28,347","2,226","3,580","2,690","2,832","5,477","4,625","3,130","2,572","1,041","171","3","54,421","54,421","4,147","7,325","5,304","4,880","9,885","9,393","6,029","4,758","2,372","322","6","26,175","26,175","2,085","3,645","2,692","2,195","4,540","4,644","2,944","2,083","1,227","119","1","28,246","28,246","2,062","3,680","2,612","2,685","5,345","4,749","3,085","2,675","1,145","203","5"
